Country / Jurisdiction,ISO Code,De Facto Exchange Rate Regime
Afghanistan,AFG,Crawl-like arrangement
Albania,ALB,Floating
Algeria,DZA,Crawl-like arrangement
Andorra,AND,No separate legal tender
Angola,AGO,Other managed arrangement
Antigua and Barbuda,ATG,Currency board
Argentina,ARG,Crawling peg
Armenia,ARM,Stabilized arrangement
Aruba,ABW,Conventional peg
Australia,AUS,Free floating
Austria,AUT,Free floating
Azerbaijan,AZE,Stabilized arrangement
"Bahamas, The",BHS,Conventional peg
Bahrain,BHR,Conventional peg
Bangladesh,BGD,Other managed arrangement
Barbados,BRB,Conventional peg
Belarus,BLR,Floating
Belgium,BEL,Free floating
Belize,BLZ,Conventional peg
Benin,BEN,Conventional peg
Bhutan,BTN,Conventional peg
Bolivia,BOL,Stabilized arrangement
Bosnia and Herzegovina,BIH,Currency board
Botswana,BWA,Crawling peg
Brazil,BRA,Floating
Brunei Darussalam,BRN,Currency board
Bulgaria,BGR,Currency board
Burkina Faso,BFA,Conventional peg
Burundi,BDI,Crawl-like arrangement
Cabo Verde,CPV,Conventional peg
Cambodia,KHM,Crawl-like arrangement
Cameroon,CMR,Conventional peg
Canada,CAN,Free floating
Central African Republic,CAF,Conventional peg
Chad,TCD,Conventional peg
Chile,CHL,Floating
China,CHN,Other managed arrangement
Colombia,COL,Floating
Comoros,COM,Conventional peg
"Congo, Republic of the",COG,Conventional peg
Costa Rica,CRI,Floating
Côte d'Ivoire,CIV,Conventional peg
Croatia,HRV,Free floating
Curaçao and Sint Maarten,CUW/SXM,Conventional peg
Cyprus,CYP,Free floating
Czech Republic,CZE,Floating
Democratic Republic of the Congo,COD,Crawl-like arrangement
Denmark,DNK,Conventional peg
Djibouti,DJI,Currency board
Dominica,DMA,Currency board
Dominican Republic,DOM,Other managed arrangement
Ecuador,ECU,No separate legal tender
Egypt,EGY,Crawl-like arrangement
El Salvador,SLV,No separate legal tender
Equatorial Guinea,GNQ,Conventional peg
Eritrea,ERI,Conventional peg
Estonia,EST,Free floating
Eswatini,SWZ,Conventional peg
Ethiopia,ETH,Crawl-like arrangement
Fiji,FJI,Conventional peg
Finland,FIN,Free floating
France,FRA,Free floating
Gabon,GAB,Conventional peg
"Gambia, The",GMB,Crawl-like arrangement
Georgia,GEO,Floating
Germany,DEU,Free floating
Ghana,GHA,Other managed arrangement
Greece,GRC,Free floating
Grenada,GRD,Currency board
Guatemala,GTM,Stabilized arrangement
Guinea,GIN,Stabilized arrangement
Guinea-Bissau,GNB,Conventional peg
Guyana,GUY,Stabilized arrangement
Haiti,HTI,Other managed arrangement
Honduras,HND,Stabilized arrangement
Hong Kong SAR,HKG,Currency board
Hungary,HUN,Floating
Iceland,ISL,Floating
India,IND,Floating
Indonesia,IDN,Floating
"Iran, Islamic Republic of",IRN,Other managed arrangement
Iraq,IRQ,Conventional peg
Ireland,IRL,Free floating
Israel,ISR,Floating
Italy,ITA,Free floating
Jamaica,JAM,Crawl-like arrangement
Japan,JPN,Free floating
Jordan,JOR,Conventional peg
Kazakhstan,KAZ,Floating
Kenya,KEN,Crawl-like arrangement
Kiribati,KIR,No separate legal tender
"Korea, Republic of",KOR,Floating
Kosovo,XKX,No separate legal tender
Kuwait,KWT,Other managed arrangement
Kyrgyz Republic,KGZ,Crawl-like arrangement
Lao P.D.R.,LAO,Other managed arrangement
Latvia,LVA,Free floating
Lebanon,LBN,Stabilized arrangement
Lesotho,LSO,Conventional peg
Liberia,LBR,Floating
Libya,LBY,Conventional peg
Lithuania,LTU,Free floating
Luxembourg,LUX,Free floating
Macao SAR,MAC,Currency board
Madagascar,MDG,Floating
Malawi,MWI,Stabilized arrangement
Malaysia,MYS,Floating
Maldives,MDV,Stabilized arrangement
Mali,MLI,Conventional peg
Malta,MLT,Free floating
Marshall Islands,MHL,No separate legal tender
Mauritania,MRT,Crawl-like arrangement
Mauritius,MUS,Floating
Mexico,MEX,Free floating
"Micronesia, Federated States of",FSM,No separate legal tender
Moldova,MDA,Floating
Mongolia,MNG,Crawl-like arrangement
Montenegro,MNE,No separate legal tender
Morocco,MAR,Pegged exchange rate within horizontal bands
Mozambique,MOZ,Stabilized arrangement
Myanmar,MMR,Stabilized arrangement
Namibia,NAM,Conventional peg
Nauru,NRU,No separate legal tender
Nepal,NPL,Conventional peg
Netherlands,NLD,Free floating
New Zealand,NZL,Floating
Nicaragua,NIC,Crawling peg
Niger,NER,Conventional peg
Nigeria,NGA,Crawl-like arrangement
North Macedonia,MKD,Stabilized arrangement
Norway,NOR,Free floating
Oman,OMN,Conventional peg
Pakistan,PAK,Other managed arrangement
Palau,PLW,No separate legal tender
Panama,PAN,No separate legal tender
Papua New Guinea,PNG,Stabilized arrangement
Paraguay,PRY,Floating
Peru,PER,Floating
Philippines,PHL,Floating
Poland,POL,Free floating
Portugal,PRT,Free floating
Qatar,QAT,Conventional peg
Romania,ROU,Stabilized arrangement
Russia,RUS,Free floating
Rwanda,RWA,Crawl-like arrangement
Samoa,WSM,Conventional peg
San Marino,SMR,No separate legal tender
São Tomé and Príncipe,STP,Conventional peg
Saudi Arabia,SAU,Conventional peg
Senegal,SEN,Conventional peg
Serbia,SRB,Stabilized arrangement
Seychelles,SYC,Floating
Sierra Leone,SLE,Other managed arrangement
Singapore,SGP,Crawl-like arrangement
Slovak Republic,SVK,Free floating
Slovenia,SVN,Free floating
Solomon Islands,SLB,Other managed arrangement
Somalia,SOM,Free floating
South Africa,ZAF,Floating
South Sudan,SSD,Other managed arrangement
Spain,ESP,Free floating
Sri Lanka,LKA,Crawl-like arrangement
St. Kitts and Nevis,KNA,Currency board
St. Lucia,LCA,Currency board
St. Vincent and the Grenadines,VCT,Currency board
Sudan,SDN,Stabilized arrangement
Suriname,SUR,Floating
Sweden,SWE,Free floating
Switzerland,CHE,Floating
Syria,SYR,Other managed arrangement
Tajikistan,TJK,Stabilized arrangement
Tanzania,TZA,Stabilized arrangement
Thailand,THA,Floating
Timor-Leste,TLS,No separate legal tender
Togo,TGO,Conventional peg
Tonga,TON,Other managed arrangement
Trinidad and Tobago,TTO,Stabilized arrangement
Tunisia,TUN,Crawl-like arrangement
Türkiye,TUR,Crawl-like arrangement
Turkmenistan,TKM,Conventional peg
Tuvalu,TUV,No separate legal tender
Uganda,UGA,Floating
Ukraine,UKR,Stabilized arrangement
United Arab Emirates,ARE,Conventional peg
United Kingdom,GBR,Free floating
United States,USA,Free floating
Uruguay,URY,Floating
Uzbekistan,UZB,Crawl-like arrangement
Vanuatu,VUT,Other managed arrangement
Venezuela,VEN,Other managed arrangement
Vietnam,VNM,Stabilized arrangement
Yemen,YEM,Floating
Zambia,ZMB,Crawl-like arrangement
Zimbabwe,ZWE,Other managed arrangement