"Date","Price","Open","High","Low","Vol.","Change %"
"12/23/2025","976.80","976.80","976.80","976.80","","1.97%"
"11/16/2025","957.96","957.96","957.96","957.96","","-0.23%"
"11/13/2025","960.15","960.15","960.15","960.15","","1.59%"
"11/06/2025","945.08","945.08","945.08","945.08","","-1.31%"
"11/03/2025","957.60","957.60","957.60","957.60","","1.85%"
"10/30/2025","940.17","940.17","940.17","940.17","","1.48%"
"10/29/2025","926.48","926.48","926.48","926.48","","1.80%"
"10/27/2025","910.06","910.06","910.06","910.06","","-0.39%"
"10/26/2025","913.63","913.63","913.63","913.63","","-0.40%"
"10/23/2025","917.31","917.31","917.31","917.31","","0.13%"
"10/22/2025","916.10","916.10","916.10","916.10","","-1.05%"
"10/19/2025","925.78","925.78","925.78","925.78","","-0.75%"
"10/16/2025","932.73","932.73","932.73","932.73","","-1.49%"
"10/14/2025","946.85","946.85","946.85","946.85","","-0.09%"
"10/13/2025","947.75","947.75","947.75","947.75","","-0.45%"
"10/12/2025","952.02","952.02","952.02","952.02","","-0.09%"
"10/09/2025","952.88","952.88","952.88","952.88","","1.14%"
"10/08/2025","942.10","942.10","942.10","942.10","","-0.68%"
"10/07/2025","948.54","948.54","948.54","948.54","","-0.81%"
"10/06/2025","956.24","956.24","956.24","956.24","","-0.58%"
"10/02/2025","961.81","961.81","961.81","961.81","","-0.40%"
"10/01/2025","965.71","965.71","965.71","965.71","","0.24%"
"09/30/2025","963.39","963.39","963.39","963.39","","0.11%"
"09/29/2025","962.34","962.34","962.34","962.34","","-0.15%"
"09/25/2025","963.79","963.79","963.79","963.79","","-0.39%"
"09/24/2025","967.60","967.60","967.60","967.60","","-0.11%"
"09/23/2025","968.66","968.66","968.66","968.66","","0.14%"
"09/21/2025","967.34","967.34","967.34","967.34","","0.32%"
"09/18/2025","964.26","964.26","964.26","964.26","","-0.13%"
"09/17/2025","965.56","965.56","965.56","965.56","","-0.31%"
"09/16/2025","968.56","968.56","968.56","968.56","","-0.17%"
"09/15/2025","970.22","970.22","970.22","970.22","","0.37%"
"09/14/2025","966.61","966.61","966.61","966.61","","1.44%"
"09/11/2025","952.93","952.93","952.93","952.93","","0.03%"
"09/10/2025","952.65","952.65","952.65","952.65","","-0.20%"
"09/09/2025","954.52","954.52","954.52","954.52","","0.07%"
"09/08/2025","953.82","953.82","953.82","953.82","","-0.59%"
"09/07/2025","959.46","959.46","959.46","959.46","","-0.10%"
"09/03/2025","960.40","960.40","960.40","960.40","","0.06%"
"09/02/2025","959.81","959.81","959.81","959.81","","-0.34%"
"09/01/2025","963.06","963.06","963.06","963.06","","-0.26%"
"08/28/2025","965.61","965.61","965.61","965.61","","0.77%"
"08/27/2025","958.24","958.24","958.24","958.24","","0.69%"
"08/26/2025","951.69","951.69","951.69","951.69","","0.52%"
"08/25/2025","946.72","946.72","946.72","946.72","","0.59%"
"08/21/2025","941.21","941.21","941.21","941.21","","-0.15%"
"08/20/2025","942.67","942.67","942.67","942.67","","0.45%"
"08/19/2025","938.48","938.48","938.48","938.48","","1.80%"
"08/18/2025","921.87","921.87","921.87","921.87","","-0.63%"
"08/17/2025","927.67","927.67","927.67","927.67","","-0.59%"
"08/13/2025","933.22","933.22","933.22","933.22","","-1.64%"
"08/11/2025","948.81","948.81","948.81","948.81","","-0.15%"
"08/10/2025","950.28","950.28","950.28","950.28","","-1.04%"
"08/07/2025","960.27","960.27","960.27","960.27","","1.54%"
"08/06/2025","945.66","945.66","945.66","945.66","","1.14%"
"08/05/2025","935.00","935.00","935.00","935.00","","0.68%"
"08/04/2025","928.69","928.69","928.69","928.69","","5.30%"
"08/03/2025","881.94","881.94","881.94","881.94","","-6.77%"
"07/31/2025","945.99","945.99","945.99","945.99","","-1.11%"
"07/30/2025","956.64","956.64","956.64","956.64","","-1.79%"
"07/29/2025","974.05","974.05","974.05","974.05","","-0.24%"
"07/28/2025","976.35","976.35","976.35","976.35","","-0.09%"
"07/27/2025","977.25","977.25","977.25","977.25","","-1.29%"
"07/24/2025","990.05","990.05","990.05","990.05","","-0.21%"
"07/23/2025","992.18","992.18","992.18","992.18","","0.05%"
"07/22/2025","991.70","991.70","991.70","991.70","","-0.73%"
"07/21/2025","999.01","999.01","999.01","999.01","","1.08%"
"07/20/2025","988.37","988.37","988.37","988.37","","0.25%"
"07/17/2025","985.87","985.87","985.87","985.87","","-0.53%"
"07/16/2025","991.17","991.17","991.17","991.17","","0.11%"
"07/15/2025","990.06","990.06","990.06","990.06","","-0.41%"
"07/14/2025","994.11","994.11","994.11","994.11","","1.46%"
"07/10/2025","979.85","979.85","979.85","979.85","","0.13%"
"07/09/2025","978.55","978.55","978.55","978.55","","1.03%"
"07/08/2025","968.58","968.58","968.58","968.58","","0.24%"
"07/07/2025","966.28","966.28","966.28","966.28","","-0.39%"
"07/03/2025","970.04","970.04","970.04","970.04","","0.51%"
"07/02/2025","965.13","965.13","965.13","965.13","","-1.14%"
"07/01/2025","976.24","976.24","976.24","976.24","","1.09%"
"06/30/2025","965.73","965.73","965.73","965.73","","-0.49%"
"06/29/2025","970.52","970.52","970.52","970.52","","-0.72%"
"06/25/2025","977.56","977.56","977.56","977.56","","-0.08%"
"06/24/2025","978.33","978.33","978.33","978.33","","3.95%"
"06/23/2025","941.17","941.17","941.17","941.17","","2.21%"
"06/22/2025","920.78","920.78","920.78","920.78","","-3.12%"
"06/19/2025","950.44","950.44","950.44","950.44","","-1.55%"
"06/18/2025","965.43","965.43","965.43","965.43","","-0.79%"
"06/17/2025","973.10","973.10","973.10","973.10","","-0.58%"
"06/16/2025","978.73","978.73","978.73","978.73","","-1.72%"
"06/12/2025","995.81","995.81","995.81","995.81","","-1.22%"
"06/11/2025","1,008.12","1,008.12","1,008.12","1,008.12","","0.00%"
"06/05/2025","1,008.17","1,008.17","1,008.17","1,008.17","","0.11%"
"06/04/2025","1,007.05","1,007.05","1,007.05","1,007.05","","-0.35%"
"06/03/2025","1,010.62","1,010.62","1,010.62","1,010.62","","-0.23%"
"06/01/2025","1,012.90","1,012.90","1,012.90","1,012.90","","0.28%"
"05/29/2025","1,010.06","1,010.06","1,010.06","1,010.06","","-0.45%"
"05/28/2025","1,014.62","1,014.62","1,014.62","1,014.62","","0.48%"
"05/27/2025","1,009.82","1,009.82","1,009.82","1,009.82","","0.70%"
"05/26/2025","1,002.79","1,002.79","1,002.79","1,002.79","","0.44%"
"05/25/2025","998.41","998.41","998.41","998.41","","0.66%"
"05/22/2025","991.85","991.85","991.85","991.85","","0.51%"
"05/21/2025","986.78","986.78","986.78","986.78","","0.00%"
"05/20/2025","986.78","986.78","986.78","986.78","","-2.08%"
"05/19/2025","1,007.76","1,007.76","1,007.76","1,007.76","","-0.70%"
"05/14/2025","1,014.84","1,014.84","1,014.84","1,014.84","","-0.19%"
"05/13/2025","1,016.78","1,016.78","1,016.78","1,016.78","","-0.04%"
"05/12/2025","1,017.23","1,017.23","1,017.23","1,017.23","","-0.93%"
"05/11/2025","1,026.81","1,026.81","1,026.81","1,026.81","","-2.13%"
"05/08/2025","1,049.21","1,049.21","1,049.21","1,049.21","","0.10%"
"05/07/2025","1,048.20","1,048.20","1,048.20","1,048.20","","-0.08%"
"05/06/2025","1,048.99","1,048.99","1,048.99","1,048.99","","0.12%"
"05/05/2025","1,047.72","1,047.72","1,047.72","1,047.72","","0.42%"
"05/04/2025","1,043.31","1,043.31","1,043.31","1,043.31","","-0.10%"
"04/30/2025","1,044.38","1,044.38","1,044.38","1,044.38","","0.07%"
"04/29/2025","1,043.63","1,043.63","1,043.63","1,043.63","","0.18%"
"04/28/2025","1,041.78","1,041.78","1,041.78","1,041.78","","0.09%"
"04/27/2025","1,040.83","1,040.83","1,040.83","1,040.83","","-0.51%"
"04/24/2025","1,046.17","1,046.17","1,046.17","1,046.17","","-0.52%"
"04/23/2025","1,051.69","1,051.69","1,051.69","1,051.69","","-1.39%"
"04/21/2025","1,066.48","1,066.48","1,066.48","1,066.48","","0.53%"
"04/20/2025","1,060.86","1,060.86","1,060.86","1,060.86","","-0.59%"
"04/17/2025","1,067.19","1,067.19","1,067.19","1,067.19","","0.09%"
"04/16/2025","1,066.22","1,066.22","1,066.22","1,066.22","","0.32%"
"04/15/2025","1,062.87","1,062.87","1,062.87","1,062.87","","1.78%"
"04/14/2025","1,044.33","1,044.33","1,044.33","1,044.33","","0.04%"
"04/13/2025","1,043.90","1,043.90","1,043.90","1,043.90","","0.64%"
"04/10/2025","1,037.25","1,037.25","1,037.25","1,037.25","","1.08%"
"04/09/2025","1,026.21","1,026.21","1,026.21","1,026.21","","1.00%"
"04/08/2025","1,016.01","1,016.01","1,016.01","1,016.01","","2.16%"
"04/07/2025","994.55","994.55","994.55","994.55","","-0.44%"
"04/06/2025","998.97","998.97","998.97","998.97","","-1.04%"
"03/27/2025","1,009.42","1,009.42","1,009.42","1,009.42","","0.36%"
"03/26/2025","1,005.84","1,005.84","1,005.84","1,005.84","","0.09%"
"03/25/2025","1,004.98","1,004.98","1,004.98","1,004.98","","0.27%"
"03/24/2025","1,002.26","1,002.26","1,002.26","1,002.26","","0.29%"
"03/23/2025","999.40","999.40","999.40","999.40","","-0.41%"
"03/20/2025","1,003.51","1,003.51","1,003.51","1,003.51","","-0.11%"
"03/18/2025","1,004.65","1,004.65","1,004.65","1,004.65","","1.90%"
"03/17/2025","985.92","985.92","985.92","985.92","","-0.26%"
"03/11/2025","988.50","988.50","988.50","988.50","","-0.57%"
"03/10/2025","994.18","994.18","994.18","994.18","","0.23%"
"03/09/2025","991.87","991.87","991.87","991.87","","-0.06%"
"03/06/2025","992.43","992.43","992.43","992.43","","0.48%"
"03/04/2025","987.68","987.68","987.68","987.68","","-1.52%"
"03/03/2025","1,002.97","1,002.97","1,002.97","1,002.97","","-1.16%"
"03/02/2025","1,014.70","1,014.70","1,014.70","1,014.70","","-2.22%"
"02/26/2025","1,037.76","1,037.76","1,037.76","1,037.76","","-0.51%"
"02/25/2025","1,043.09","1,043.09","1,043.09","1,043.09","","-0.30%"
"02/24/2025","1,046.20","1,046.20","1,046.20","1,046.20","","-1.00%"
"02/20/2025","1,056.79","1,056.79","1,056.79","1,056.79","","-0.40%"
"02/19/2025","1,061.04","1,061.04","1,061.04","1,061.04","","-0.46%"
"02/18/2025","1,065.90","1,065.90","1,065.90","1,065.90","","0.08%"
"02/16/2025","1,065.06","1,065.06","1,065.06","1,065.06","","0.24%"
"02/12/2025","1,062.56","1,062.56","1,062.56","1,062.56","","0.18%"
"02/11/2025","1,060.67","1,060.67","1,060.67","1,060.67","","-0.05%"
"02/06/2025","1,061.24","1,061.24","1,061.24","1,061.24","","1.27%"
"02/04/2025","1,047.95","1,047.95","1,047.95","1,047.95","","0.40%"
"02/03/2025","1,043.73","1,043.73","1,043.73","1,043.73","","-0.08%"
"02/02/2025","1,044.57","1,044.57","1,044.57","1,044.57","","-0.95%"
"01/30/2025","1,054.55","1,054.55","1,054.55","1,054.55","","-0.03%"
"01/27/2025","1,054.85","1,054.85","1,054.85","1,054.85","","-0.63%"
"01/23/2025","1,061.56","1,061.56","1,061.56","1,061.56","","-0.06%"
"01/21/2025","1,062.25","1,062.25","1,062.25","1,062.25","","-1.20%"
"01/15/2025","1,075.13","1,075.13","1,075.13","1,075.13","","0.36%"
"01/13/2025","1,071.29","1,071.29","1,071.29","1,071.29","","-0.76%"
"01/07/2025","1,079.49","1,079.49","1,079.49","1,079.49","","0.53%"
"12/30/2024","1,073.84","1,073.84","1,073.84","1,073.84","","1.13%"
"12/23/2024","1,061.83","1,061.83","1,061.83","1,061.83","","0.70%"
"12/19/2024","1,054.42","1,054.42","1,054.42","1,054.42","","0.07%"
"12/18/2024","1,053.73","1,053.73","1,053.73","1,053.73","","0.58%"
"12/16/2024","1,047.61","1,047.61","1,047.61","1,047.61","","1.57%"
"12/12/2024","1,031.40","1,031.40","1,031.40","1,031.40","","-0.52%"
"12/09/2024","1,036.80","1,036.80","1,036.80","1,036.80","","0.28%"
"12/05/2024","1,033.86","1,033.86","1,033.86","1,033.86","","0.19%"
"12/04/2024","1,031.92","1,031.92","1,031.92","1,031.92","","-0.19%"
"12/03/2024","1,033.84","1,033.84","1,033.84","1,033.84","","1.50%"
"12/02/2024","1,018.57","1,018.57","1,018.57","1,018.57","","-0.27%"
"12/01/2024","1,021.32","1,021.32","1,021.32","1,021.32","","-1.71%"
"11/27/2024","1,039.10","1,039.10","1,039.10","1,039.10","","-0.43%"
"11/26/2024","1,043.62","1,043.62","1,043.62","1,043.62","","-1.13%"
"11/25/2024","1,055.51","1,055.51","1,055.51","1,055.51","","0.02%"
"11/24/2024","1,055.25","1,055.25","1,055.25","1,055.25","","-0.56%"
"11/19/2024","1,061.23","1,061.23","1,061.23","1,061.23","","0.58%"
"11/18/2024","1,055.15","1,055.15","1,055.15","1,055.15","","-0.21%"
"11/17/2024","1,057.35","1,057.35","1,057.35","1,057.35","","0.34%"
"11/06/2024","1,053.81","1,053.81","1,053.81","1,053.81","","-0.42%"
"11/05/2024","1,058.29","1,058.29","1,058.29","1,058.29","","0.17%"
"11/04/2024","1,056.49","1,056.49","1,056.49","1,056.49","","1.17%"
"11/03/2024","1,044.32","1,044.32","1,044.32","1,044.32","","0.00%"
"10/31/2024","1,044.30","1,044.30","1,044.30","1,044.30","","0.03%"
"10/30/2024","1,043.99","1,043.99","1,043.99","1,043.99","","0.77%"
"10/29/2024","1,035.99","1,035.99","1,035.99","1,035.99","","2.92%"
"10/28/2024","1,006.62","1,006.62","1,006.62","1,006.62","","0.64%"
"10/27/2024","1,000.26","1,000.26","1,000.26","1,000.26","","8.31%"
"09/26/2024","923.49","923.49","923.49","923.49","","4.97%"
"09/03/2024","879.79","879.79","879.79","879.79","","0.58%"
"09/01/2024","874.68","874.68","874.68","874.68","","2.56%"
"08/26/2024","852.85","852.85","852.85","852.85","","-0.06%"
"08/22/2024","853.38","853.38","853.38","853.38","","-1.54%"
"08/19/2024","866.74","866.74","866.74","866.74","","-0.18%"
"08/18/2024","868.31","868.31","868.31","868.31","","-0.76%"
"08/12/2024","874.98","874.98","874.98","874.98","","-1.15%"
"08/11/2024","885.14","885.14","885.14","885.14","","-0.37%"
"08/05/2024","888.46","888.46","888.46","888.46","","-0.64%"
"08/01/2024","894.18","894.18","894.18","894.18","","-0.23%"
"07/31/2024","896.25","896.25","896.25","896.25","","-1.15%"
"07/30/2024","906.70","906.70","906.70","906.70","","-0.11%"
"07/29/2024","907.68","907.68","907.68","907.68","","0.18%"
"07/28/2024","906.05","906.05","906.05","906.05","","0.00%"
"07/25/2024","906.05","906.05","906.05","906.05","","0.35%"
"07/24/2024","902.88","902.88","902.88","902.88","","-0.18%"
"07/23/2024","904.51","904.51","904.51","904.51","","-0.17%"
"07/22/2024","906.07","906.07","906.07","906.07","","-1.16%"
"07/18/2024","916.70","916.70","916.70","916.70","","1.20%"
"07/16/2024","905.85","905.85","905.85","905.85","","0.55%"
"07/15/2024","900.92","900.92","900.92","900.92","","-0.36%"
"07/11/2024","904.16","904.16","904.16","904.16","","1.45%"
"07/10/2024","891.24","891.24","891.24","891.24","","-0.04%"
"07/09/2024","891.63","891.63","891.63","891.63","","1.50%"
"07/08/2024","878.45","878.45","878.45","878.45","","0.85%"
"07/04/2024","871.04","871.04","871.04","871.04","","0.37%"
"07/03/2024","867.87","867.87","867.87","867.87","","0.16%"
"07/02/2024","866.47","866.47","866.47","866.47","","-0.73%"
"07/01/2024","872.80","872.80","872.80","872.80","","-1.05%"
"06/30/2024","882.03","882.03","882.03","882.03","","-0.86%"
"06/27/2024","889.71","889.71","889.71","889.71","","-0.59%"
"06/26/2024","894.95","894.95","894.95","894.95","","-0.06%"
"06/24/2024","895.48","895.48","895.48","895.48","","-0.84%"
"06/23/2024","903.10","903.10","903.10","903.10","","0.21%"
"06/13/2024","901.25","901.25","901.25","901.25","","-0.14%"
"06/12/2024","902.54","902.54","902.54","902.54","","1.04%"
"06/11/2024","893.21","893.21","893.21","893.21","","0.29%"
"06/10/2024","890.59","890.59","890.59","890.59","","-0.54%"
"06/09/2024","895.40","895.40","895.40","895.40","","-0.02%"
"06/06/2024","895.62","895.62","895.62","895.62","","0.09%"
"06/05/2024","894.79","894.79","894.79","894.79","","1.00%"
"06/04/2024","885.90","885.90","885.90","885.90","","-1.66%"
"06/03/2024","900.89","900.89","900.89","900.89","","-0.36%"
"06/02/2024","904.15","904.15","904.15","904.15","","-0.37%"
"05/30/2024","907.53","907.53","907.53","907.53","","0.02%"
"05/29/2024","907.33","907.33","907.33","907.33","","-0.11%"
"05/28/2024","908.35","908.35","908.35","908.35","","-0.58%"
"05/27/2024","913.65","913.65","913.65","913.65","","-0.98%"
"05/26/2024","922.71","922.71","922.71","922.71","","-0.48%"
"05/23/2024","927.20","927.20","927.20","927.20","","-6.47%"
"05/22/2024","991.34","991.34","991.34","991.34","","0.35%"
"05/21/2024","987.87","987.87","987.87","987.87","","-0.96%"
"05/20/2024","997.41","997.41","997.41","997.41","","-0.14%"
"05/19/2024","998.83","998.83","998.83","998.83","","-0.01%"
"05/16/2024","998.89","998.89","998.89","998.89","","-0.64%"
"05/15/2024","1,005.33","1,005.33","1,005.33","1,005.33","","1.20%"
"05/14/2024","993.43","993.43","993.43","993.43","","0.72%"
"05/13/2024","986.34","986.34","986.34","986.34","","0.01%"
"05/12/2024","986.24","986.24","986.24","986.24","","1.12%"
"05/09/2024","975.29","975.29","975.29","975.29","","0.53%"
"05/08/2024","970.11","970.11","970.11","970.11","","0.38%"
"05/07/2024","966.39","966.39","966.39","966.39","","-0.74%"
"05/06/2024","973.63","973.63","973.63","973.63","","-0.29%"
"05/05/2024","976.47","976.47","976.47","976.47","","-0.55%"
"05/02/2024","981.87","981.87","981.87","981.87","","0.22%"
"04/30/2024","979.75","979.75","979.75","979.75","","-1.25%"
"04/29/2024","992.12","992.12","992.12","992.12","","-0.29%"
"04/28/2024","994.99","994.99","994.99","994.99","","-1.14%"
"04/25/2024","1,006.51","1,006.51","1,006.51","1,006.51","","-0.35%"
"04/24/2024","1,010.05","1,010.05","1,010.05","1,010.05","","2.48%"
"04/23/2024","985.61","985.61","985.61","985.61","","1.53%"
"04/22/2024","970.71","970.71","970.71","970.71","","1.36%"
"04/18/2024","957.71","957.71","957.71","957.71","","1.15%"
"04/17/2024","946.86","946.86","946.86","946.86","","1.40%"
"04/16/2024","933.79","933.79","933.79","933.79","","1.57%"
"04/15/2024","919.40","919.40","919.40","919.40","","0.87%"
"04/14/2024","911.51","911.51","911.51","911.51","","1.16%"
"04/08/2024","901.05","901.05","901.05","901.05","","1.37%"
"04/07/2024","888.83","888.83","888.83","888.83","","0.61%"
"04/04/2024","883.48","883.48","883.48","883.48","","1.02%"
"04/03/2024","874.60","874.60","874.60","874.60","","-0.26%"
"04/02/2024","876.88","876.88","876.88","876.88","","2.80%"
"04/01/2024","853.03","853.03","853.03","853.03","","0.20%"
"03/31/2024","851.30","851.30","851.30","851.30","","-0.96%"
"03/28/2024","859.53","859.53","859.53","859.53","","-0.28%"
"03/27/2024","861.93","861.93","861.93","861.93","","-0.78%"
"03/26/2024","868.71","868.71","868.71","868.71","","-3.40%"
"03/25/2024","899.30","899.30","899.30","899.30","","-0.94%"
"03/24/2024","907.83","907.83","907.83","907.83","","-0.50%"
"03/20/2024","912.36","912.36","912.36","912.36","","-0.09%"
"03/19/2024","913.18","913.18","913.18","913.18","","0.00%"
"03/18/2024","913.18","913.18","913.18","913.18","","0.19%"
"03/17/2024","911.46","911.46","911.46","911.46","","0.94%"
"03/14/2024","903.01","903.01","903.01","903.01","","-0.60%"
"03/13/2024","908.48","908.48","908.48","908.48","","-1.20%"
"03/12/2024","919.56","919.56","919.56","919.56","","-0.44%"
"03/11/2024","923.58","923.58","923.58","923.58","","-0.17%"
"03/10/2024","925.19","925.19","925.19","925.19","","-0.93%"
"03/07/2024","933.85","933.85","933.85","933.85","","2.53%"
"02/11/2024","910.81","910.81","910.81","910.81","","-1.57%"
"02/08/2024","925.32","925.32","925.32","925.32","","-0.40%"
"02/07/2024","929.05","929.05","929.05","929.05","","7.56%"
"01/10/2024","863.77","863.77","863.77","863.77","","-0.88%"
"01/08/2024","871.40","871.40","871.40","871.40","","2.03%"
"12/13/2023","854.04","854.04","854.04","854.04","","5.26%"
"12/07/2023","811.36","811.36","811.36","811.36","","-9.06%"
"12/03/2023","892.16","892.16","892.16","892.16","","4.15%"
"11/28/2023","856.61","856.61","856.61","856.61","","5.66%"
"11/13/2023","810.70","810.70","810.70","810.70","","-2.86%"
"10/19/2023","834.58","834.58","834.58","834.58","","1.96%"
"10/15/2023","818.50","818.50","818.50","818.50","","-1.92%"
"10/01/2023","834.51","834.51","834.51","834.51","","-0.12%"
"09/28/2023","835.53","835.53","835.53","835.53","","0.48%"
"09/19/2023","831.55","831.55","831.55","831.55","","0.00%"
"09/18/2023","831.55","831.55","831.55","831.55","","3.04%"
"09/04/2023","806.99","806.99","806.99","806.99","","-0.90%"
"08/30/2023","814.34","814.34","814.34","814.34","","-2.20%"
"08/29/2023","832.69","832.69","832.69","832.69","","1.18%"
"08/22/2023","823.00","823.00","823.00","823.00","","0.18%"
"08/21/2023","821.49","821.49","821.49","821.49","","5.02%"
"08/13/2023","782.21","782.21","782.21","782.21","","10.52%"
"08/03/2023","707.74","707.74","707.74","707.74","","2.04%"
"08/02/2023","693.61","693.61","693.61","693.61","","-2.39%"
"07/24/2023","710.57","710.57","710.57","710.57","","0.69%"
"07/20/2023","705.71","705.71","705.71","705.71","","0.88%"
"07/16/2023","699.56","699.56","699.56","699.56","","0.55%"
"07/13/2023","695.70","695.70","695.70","695.70","","3.98%"
"07/09/2023","669.05","669.05","669.05","669.05","","0.00%"
"07/06/2023","669.05","669.05","669.05","669.05","","0.38%"
"06/22/2023","666.52","666.52","666.52","666.52","","0.27%"
"06/11/2023","664.70","664.70","664.70","664.70","","5.75%"
"05/31/2023","628.55","628.55","628.55","628.55","","0.12%"
"05/30/2023","627.77","627.77","627.77","627.77","","-0.83%"
"05/29/2023","633.04","633.04","633.04","633.04","","-37,780.95%"
"05/28/2023","-1.68","-1.68","-1.68","-1.68","","-100.26%"
"05/25/2023","644.38","644.38","644.38","644.38","","-1.05%"
"05/23/2023","651.22","651.22","651.22","651.22","","-0.60%"
"05/16/2023","655.16","655.16","655.16","655.16","","-2.90%"
"05/09/2023","674.71","674.71","674.71","674.71","","-2.34%"
"05/02/2023","690.91","690.91","690.91","690.91","","-0.73%"
"04/30/2023","695.96","695.96","695.96","695.96","","-0.24%"
"04/27/2023","697.63","697.63","697.63","697.63","","-4.19%"
"04/25/2023","728.12","728.12","728.12","728.12","","9.98%"
"04/12/2023","662.07","662.07","662.07","662.07","","-0.26%"
"04/11/2023","663.79","663.79","663.79","663.79","","4.65%"
"04/06/2023","634.30","634.30","634.30","634.30","","-0.25%"
"04/04/2023","635.86","635.86","635.86","635.86","","-0.45%"
"04/02/2023","638.71","638.71","638.71","638.71","","-0.43%"
"03/30/2023","641.46","641.46","641.46","641.46","","-0.85%"
"03/26/2023","646.98","646.98","646.98","646.98","","1.56%"
"03/19/2023","637.06","637.06","637.06","637.06","","0.14%"
"03/16/2023","636.16","636.16","636.16","636.16","","-1.39%"
"03/12/2023","645.14","645.14","645.14","645.14","","-0.76%"
"03/07/2023","650.08","650.08","650.08","650.08","","-0.85%"
"03/06/2023","655.68","655.68","655.68","655.68","","2.23%"
"03/05/2023","641.37","641.37","641.37","641.37","","0.66%"
"03/02/2023","637.14","637.14","637.14","637.14","","0.00%"
"03/01/2023","637.11","637.11","637.11","637.11","","0.01%"
"02/28/2023","637.07","637.07","637.07","637.07","","0.09%"
"02/27/2023","636.49","636.49","636.49","636.49","","-1.21%"
"02/26/2023","644.26","644.26","644.26","644.26","","1.21%"
"02/23/2023","636.55","636.55","636.55","636.55","","2.00%"
"02/22/2023","624.07","624.07","624.07","624.07","","0.98%"
"02/21/2023","618.02","618.02","618.02","618.02","","0.86%"
"02/20/2023","612.74","612.74","612.74","612.74","","0.90%"
"02/19/2023","607.26","607.26","607.26","607.26","","1.69%"
"02/15/2023","597.18","597.18","597.18","597.18","","0.12%"
"02/14/2023","596.46","596.46","596.46","596.46","","0.60%"
"02/12/2023","592.89","592.89","592.89","592.89","","-1.67%"
"02/09/2023","602.95","602.95","602.95","602.95","","-0.24%"
"02/08/2023","604.38","604.38","604.38","604.38","","-0.71%"
"02/07/2023","608.68","608.68","608.68","608.68","","-0.75%"
"02/06/2023","613.28","613.28","613.28","613.28","","0.17%"
"02/05/2023","612.21","612.21","612.21","612.21","","-0.05%"
"02/02/2023","612.50","612.50","612.50","612.50","","-0.42%"
"02/01/2023","615.11","615.11","615.11","615.11","","0.54%"
"01/31/2023","611.83","611.83","611.83","611.83","","0.31%"
"01/30/2023","609.95","609.95","609.95","609.95","","-0.92%"
"01/29/2023","615.60","615.60","615.60","615.60","","-0.40%"
"01/26/2023","618.06","618.06","618.06","618.06","","0.54%"
"01/25/2023","614.76","614.76","614.76","614.76","","-0.29%"
"01/24/2023","616.57","616.57","616.57","616.57","","0.80%"
"01/23/2023","611.69","611.69","611.69","611.69","","0.17%"
"01/22/2023","610.66","610.66","610.66","610.66","","0.68%"
"01/19/2023","606.56","606.56","606.56","606.56","","1.72%"
"01/18/2023","596.30","596.30","596.30","596.30","","-0.43%"
"01/17/2023","598.87","598.87","598.87","598.87","","-0.60%"
"01/16/2023","602.48","602.48","602.48","602.48","","0.87%"
"01/15/2023","597.27","597.27","597.27","597.27","","-0.72%"
"01/12/2023","601.63","601.63","601.63","601.63","","-0.36%"
"01/11/2023","603.82","603.82","603.82","603.82","","-0.27%"
"01/10/2023","605.47","605.47","605.47","605.47","","2.44%"
"01/09/2023","591.05","591.05","591.05","591.05","","0.44%"
"01/08/2023","588.47","588.47","588.47","588.47","","0.42%"
"01/04/2023","586.02","586.02","586.02","586.02","","-0.70%"
"01/03/2023","590.18","590.18","590.18","590.18","","-0.29%"
"01/02/2023","591.89","591.89","591.89","591.89","","1.01%"
"12/27/2022","585.95","585.95","585.95","585.95","","-0.58%"
"12/26/2022","589.34","589.34","589.34","589.34","","-0.10%"
"12/22/2022","589.94","589.94","589.94","589.94","","-0.29%"
"12/21/2022","591.63","591.63","591.63","591.63","","0.01%"
"12/20/2022","591.59","591.59","591.59","591.59","","0.19%"
"12/19/2022","590.47","590.47","590.47","590.47","","-0.09%"
"12/18/2022","590.98","590.98","590.98","590.98","","0.06%"
"12/15/2022","590.63","590.63","590.63","590.63","","0.33%"
"12/14/2022","588.70","588.70","588.70","588.70","","1.27%"
"12/13/2022","581.31","581.31","581.31","581.31","","0.57%"
"12/12/2022","577.99","577.99","577.99","577.99","","0.24%"
"12/11/2022","576.58","576.58","576.58","576.58","","-0.73%"
"12/08/2022","580.80","580.80","580.80","580.80","","0.28%"
"12/07/2022","579.16","579.16","579.16","579.16","","-0.95%"
"12/06/2022","584.71","584.71","584.71","584.71","","0.12%"
"12/05/2022","583.99","583.99","583.99","583.99","","0.19%"
"12/04/2022","582.86","582.86","582.86","582.86","","-0.44%"
"12/01/2022","585.42","585.42","585.42","585.42","","-0.10%"
"11/30/2022","586.00","586.00","586.00","586.00","","-0.61%"
"11/29/2022","589.59","589.59","589.59","589.59","","-0.40%"
"11/28/2022","591.97","591.97","591.97","591.97","","0.33%"
"11/27/2022","590.01","590.01","590.01","590.01","","-0.10%"
"11/24/2022","590.60","590.60","590.60","590.60","","0.43%"
"11/23/2022","588.09","588.09","588.09","588.09","","-0.34%"
"11/22/2022","590.12","590.12","590.12","590.12","","-0.16%"
"11/21/2022","591.04","591.04","591.04","591.04","","-0.05%"
"11/20/2022","591.33","591.33","591.33","591.33","","-0.04%"
"11/17/2022","591.56","591.56","591.56","591.56","","1.49%"
"11/16/2022","582.85","582.85","582.85","582.85","","-0.10%"
"11/15/2022","583.46","583.46","583.46","583.46","","1.18%"
"11/14/2022","576.63","576.63","576.63","576.63","","0.47%"
"11/13/2022","573.95","573.95","573.95","573.95","","-0.44%"
"11/10/2022","576.50","576.50","576.50","576.50","","-0.27%"
"11/09/2022","578.05","578.05","578.05","578.05","","0.43%"
"11/08/2022","575.59","575.59","575.59","575.59","","-1.56%"
"11/07/2022","584.71","584.71","584.71","584.71","","1.50%"
"11/06/2022","576.09","576.09","576.09","576.09","","-1.47%"
"11/03/2022","584.71","584.71","584.71","584.71","","-0.69%"
"11/02/2022","588.80","588.80","588.80","588.80","","-0.97%"
"11/01/2022","594.57","594.57","594.57","594.57","","-0.61%"
"10/31/2022","598.20","598.20","598.20","598.20","","-0.37%"
"10/30/2022","600.43","600.43","600.43","600.43","","1.22%"
"10/27/2022","593.19","593.19","593.19","593.19","","0.01%"
"10/26/2022","593.14","593.14","593.14","593.14","","0.41%"
"10/25/2022","590.74","590.74","590.74","590.74","","-1.76%"
"10/24/2022","601.32","601.32","601.32","601.32","","0.28%"
"10/23/2022","599.64","599.64","599.64","599.64","","0.16%"
"10/20/2022","598.71","598.71","598.71","598.71","","-0.46%"
"10/19/2022","601.48","601.48","601.48","601.48","","1.29%"
"10/18/2022","593.82","593.82","593.82","593.82","","-0.12%"
"10/17/2022","594.51","594.51","594.51","594.51","","-0.14%"
"10/16/2022","595.32","595.32","595.32","595.32","","-0.13%"
"10/13/2022","596.09","596.09","596.09","596.09","","0.18%"
"10/12/2022","595.04","595.04","595.04","595.04","","-1.27%"
"10/11/2022","602.68","602.68","602.68","602.68","","0.05%"
"10/10/2022","602.37","602.37","602.37","602.37","","-0.61%"
"10/09/2022","606.07","606.07","606.07","606.07","","0.43%"
"10/06/2022","603.48","603.48","603.48","603.48","","0.01%"
"10/05/2022","603.44","603.44","603.44","603.44","","0.42%"
"10/04/2022","600.94","600.94","600.94","600.94","","-0.40%"
"10/02/2022","603.33","603.33","603.33","603.33","","-0.29%"
"09/29/2022","605.07","605.07","605.07","605.07","","0.65%"
"09/28/2022","601.15","601.15","601.15","601.15","","0.50%"
"09/27/2022","598.16","598.16","598.16","598.16","","1.26%"
"09/26/2022","590.70","590.70","590.70","590.70","","0.03%"
"09/25/2022","590.50","590.50","590.50","590.50","","-0.62%"
"09/22/2022","594.20","594.20","594.20","594.20","","0.16%"
"09/21/2022","593.24","593.24","593.24","593.24","","0.04%"
"09/20/2022","592.98","592.98","592.98","592.98","","-0.38%"
"09/19/2022","595.25","595.25","595.25","595.25","","-0.14%"
"09/15/2022","596.07","596.07","596.07","596.07","","0.36%"
"09/14/2022","593.95","593.95","593.95","593.95","","-0.17%"
"09/13/2022","594.94","594.94","594.94","594.94","","0.01%"
"09/12/2022","594.89","594.89","594.89","594.89","","1.01%"
"09/11/2022","588.92","588.92","588.92","588.92","","-0.54%"
"09/08/2022","592.10","592.10","592.10","592.10","","-0.02%"
"09/07/2022","592.24","592.24","592.24","592.24","","0.32%"
"09/06/2022","590.35","590.35","590.35","590.35","","-0.01%"
"09/05/2022","590.40","590.40","590.40","590.40","","-0.33%"
"09/04/2022","592.35","592.35","592.35","592.35","","0.89%"
"09/01/2022","587.10","587.10","587.10","587.10","","0.26%"
"08/31/2022","585.57","585.57","585.57","585.57","","-0.25%"
"08/29/2022","587.02","587.02","587.02","587.02","","1.64%"
"08/28/2022","577.53","577.53","577.53","577.53","","1.16%"
"08/25/2022","570.91","570.91","570.91","570.91","","0.34%"
"08/24/2022","568.99","568.99","568.99","568.99","","1.04%"
"08/23/2022","563.15","563.15","563.15","563.15","","0.18%"
"08/22/2022","562.15","562.15","562.15","562.15","","0.20%"
"08/21/2022","561.05","561.05","561.05","561.05","","0.02%"
"08/18/2022","560.96","560.96","560.96","560.96","","-0.42%"
"08/17/2022","563.31","563.31","563.31","563.31","","0.22%"
"08/16/2022","562.05","562.05","562.05","562.05","","-0.29%"
"08/15/2022","563.70","563.70","563.70","563.70","","-0.47%"
"08/14/2022","566.37","566.37","566.37","566.37","","0.35%"
"08/11/2022","564.40","564.40","564.40","564.40","","-0.58%"
"08/10/2022","567.70","567.70","567.70","567.70","","-0.20%"
"08/08/2022","568.84","568.84","568.84","568.84","","-0.15%"
"08/07/2022","569.70","569.70","569.70","569.70","","1.26%"
"08/03/2022","562.62","562.62","562.62","562.62","","-0.22%"
"08/02/2022","563.86","563.86","563.86","563.86","","-0.95%"
"08/01/2022","569.26","569.26","569.26","569.26","","-0.50%"
"07/28/2022","572.12","572.12","572.12","572.12","","0.62%"
"07/27/2022","568.60","568.60","568.60","568.60","","-0.01%"
"07/26/2022","568.64","568.64","568.64","568.64","","-0.05%"
"07/25/2022","568.92","568.92","568.92","568.92","","-0.21%"
"07/24/2022","570.09","570.09","570.09","570.09","","0.11%"
"07/21/2022","569.44","569.44","569.44","569.44","","0.37%"
"07/20/2022","567.34","567.34","567.34","567.34","","-0.11%"
"07/19/2022","567.99","567.99","567.99","567.99","","0.20%"
"07/18/2022","566.88","566.88","566.88","566.88","","-0.52%"
"07/07/2022","569.84","569.84","569.84","569.84","","0.05%"
"07/06/2022","569.58","569.58","569.58","569.58","","-0.51%"
"07/05/2022","572.50","572.50","572.50","572.50","","-0.10%"
"07/04/2022","573.08","573.08","573.08","573.08","","-0.06%"
"07/03/2022","573.45","573.45","573.45","573.45","","-0.14%"
"06/30/2022","574.27","574.27","574.27","574.27","","-0.27%"
"06/29/2022","575.84","575.84","575.84","575.84","","-0.52%"
"06/28/2022","578.86","578.86","578.86","578.86","","-0.04%"
"06/27/2022","579.12","579.12","579.12","579.12","","0.01%"
"06/26/2022","579.08","579.08","579.08","579.08","","-0.36%"
"06/23/2022","581.16","581.16","581.16","581.16","","-0.17%"
"06/22/2022","582.17","582.17","582.17","582.17","","0.02%"
"06/21/2022","582.04","582.04","582.04","582.04","","-0.08%"
"06/20/2022","582.51","582.51","582.51","582.51","","0.12%"
"06/19/2022","581.84","581.84","581.84","581.84","","-1.17%"
"06/16/2022","588.74","588.74","588.74","588.74","","0.21%"
"06/15/2022","587.53","587.53","587.53","587.53","","0.18%"
"06/14/2022","586.48","586.48","586.48","586.48","","0.35%"
"06/13/2022","584.45","584.45","584.45","584.45","","-0.63%"
"06/12/2022","588.14","588.14","588.14","588.14","","0.18%"
"06/09/2022","587.10","587.10","587.10","587.10","","2.06%"
"06/08/2022","575.26","575.26","575.26","575.26","","1.14%"
"06/07/2022","568.78","568.78","568.78","568.78","","-1.30%"
"06/06/2022","576.29","576.29","576.29","576.29","","1.78%"
"06/05/2022","566.21","566.21","566.21","566.21","","-0.95%"
"06/02/2022","571.62","571.62","571.62","571.62","","-0.06%"
"06/01/2022","571.99","571.99","571.99","571.99","","-0.30%"
"05/31/2022","573.69","573.69","573.69","573.69","","0.10%"
"05/30/2022","573.14","573.14","573.14","573.14","","0.10%"
"05/29/2022","572.59","572.59","572.59","572.59","","1.01%"
"05/26/2022","566.85","566.85","566.85","566.85","","-0.26%"
"05/25/2022","568.31","568.31","568.31","568.31","","-0.32%"
"05/24/2022","570.15","462.00","570.15","462.00","","-0.26%"
"05/22/2022","571.62","571.62","571.62","571.62","","-0.39%"
"05/19/2022","573.83","573.83","573.83","573.83","","-0.29%"
"05/18/2022","575.52","575.52","575.52","575.52","","-0.15%"
"05/17/2022","576.38","576.38","576.38","576.38","","0.24%"
"05/16/2022","575.02","575.02","575.02","575.02","","-0.50%"
"05/15/2022","577.89","577.89","577.89","577.89","","0.00%"
"05/12/2022","577.89","583.47","583.47","577.89","","-0.71%"
"05/11/2022","582.01","582.01","582.01","582.01","","0.03%"
"05/10/2022","581.83","581.83","581.83","581.83","","-0.50%"
"05/09/2022","584.78","584.78","584.78","584.78","","-0.86%"
"05/08/2022","589.84","589.84","589.84","589.84","","-0.11%"
"04/28/2022","590.48","590.48","590.48","590.48","","0.01%"
"04/27/2022","590.40","590.40","590.40","590.40","","-0.44%"
"04/26/2022","593.02","593.02","593.02","593.02","","-0.02%"
"04/25/2022","593.11","593.11","593.11","593.11","","0.16%"
"04/24/2022","592.14","592.14","592.14","592.14","","-0.15%"
"04/21/2022","593.01","593.01","593.01","593.01","","-0.09%"
"04/20/2022","593.57","593.57","593.57","593.57","","-0.11%"
"04/19/2022","594.21","594.21","594.21","594.21","","-0.69%"
"04/18/2022","598.35","598.35","598.35","598.35","","-0.02%"
"04/17/2022","598.49","598.49","598.49","598.49","","-0.52%"
"04/14/2022","601.62","601.62","601.62","601.62","","-0.06%"
"04/13/2022","601.99","601.99","601.99","601.99","","0.14%"
"04/12/2022","601.12","601.12","601.12","601.12","","0.28%"
"04/11/2022","599.47","599.47","599.47","599.47","","0.69%"
"04/10/2022","595.39","595.39","595.39","595.39","","-0.35%"
"04/07/2022","597.48","597.48","597.48","597.48","","-0.18%"
"04/06/2022","598.54","598.54","598.54","598.54","","0.32%"
"04/05/2022","596.65","596.65","596.65","596.65","","0.30%"
"04/04/2022","594.86","594.86","594.86","594.86","","-1.21%"
"04/03/2022","602.16","602.16","602.16","602.16","","-1.25%"
"03/31/2022","609.81","609.81","609.81","609.81","","0.77%"
"03/30/2022","605.15","605.15","605.15","605.15","","0.99%"
"03/29/2022","599.24","599.24","599.24","599.24","","0.74%"
"03/28/2022","594.85","594.85","594.85","594.85","","0.32%"
"03/27/2022","592.97","592.97","592.97","592.97","","-0.42%"
"03/24/2022","595.45","595.45","595.45","595.45","","-0.55%"
"03/23/2022","598.76","598.76","598.76","598.76","","0.48%"
"03/22/2022","595.92","595.92","595.92","595.92","","-0.17%"
"03/17/2022","596.96","596.96","596.96","596.96","","0.31%"
"03/16/2022","595.12","595.12","595.12","595.12","","0.87%"
"03/15/2022","590.00","590.00","590.00","590.00","","-0.24%"
"03/14/2022","591.39","591.39","591.39","591.39","","0.67%"
"03/10/2022","587.43","591.42","591.42","587.43","","-0.71%"
"03/09/2022","591.64","591.64","591.64","591.64","","0.05%"
"03/08/2022","591.37","591.37","591.37","591.37","","-0.95%"
"03/07/2022","597.06","597.06","597.06","597.06","","-0.44%"
"03/06/2022","599.71","599.71","599.71","599.71","","-0.28%"
"03/03/2022","601.41","601.41","601.41","601.41","","-0.94%"
"03/02/2022","607.11","607.11","607.11","607.11","","0.91%"
"03/01/2022","601.64","601.64","601.64","601.64","","0.91%"
"02/28/2022","596.21","596.21","596.21","596.21","","1.26%"
"02/24/2022","588.80","588.80","588.80","588.80","","0.32%"
"02/23/2022","586.92","586.92","586.92","586.92","","0.61%"
"02/22/2022","583.38","583.38","583.38","583.38","","0.61%"
"02/21/2022","579.84","579.84","579.84","579.84","","0.03%"
"02/20/2022","579.68","579.68","579.68","579.68","","0.30%"
"02/17/2022","577.96","577.96","577.96","577.96","","0.18%"
"02/16/2022","576.91","576.91","576.91","576.91","","1.26%"
"02/15/2022","569.73","569.73","569.73","569.73","","0.12%"
"02/14/2022","569.05","569.05","569.05","569.05","","-0.24%"
"02/13/2022","570.42","570.42","570.42","570.42","","-0.04%"
"02/10/2022","570.63","570.63","570.63","570.63","","0.02%"
"02/09/2022","570.50","570.50","570.50","570.50","","0.20%"
"02/08/2022","569.37","569.37","569.37","569.37","","-0.19%"
"02/07/2022","570.47","570.47","570.47","570.47","","-0.14%"
"02/06/2022","571.27","571.27","571.27","571.27","","-1.37%"
"02/03/2022","579.18","579.18","579.18","579.18","","0.20%"
"02/02/2022","578.04","578.04","578.04","578.04","","-0.11%"
"02/01/2022","578.65","578.65","578.65","578.65","","0.22%"
"01/31/2022","577.40","577.40","577.40","577.40","","0.61%"
"01/30/2022","573.90","573.90","573.90","573.90","","0.63%"
"01/27/2022","570.31","570.31","570.31","570.31","","1.54%"
"01/26/2022","561.67","561.67","561.67","561.67","","0.79%"
"01/25/2022","557.25","557.25","557.25","557.25","","-0.02%"
"01/23/2022","557.34","557.71","557.71","557.34","","0.91%"
"01/20/2022","552.30","552.30","552.30","552.30","","0.45%"
"01/18/2022","549.85","547.53","549.85","547.53","","-0.63%"
"01/17/2022","553.36","553.36","553.36","553.36","","-0.57%"
"01/16/2022","556.56","556.56","556.56","556.56","","-0.50%"
"01/13/2022","559.33","559.33","559.33","559.33","","-0.33%"
"01/12/2022","561.19","561.19","561.19","561.19","","-0.43%"
"01/11/2022","563.59","563.59","563.59","563.59","","-0.12%"
"01/10/2022","564.29","564.29","564.29","564.29","","-77,399.99%"
"01/09/2022","-0.73","-0.73","-0.73","-0.73","","-100.13%"
"01/05/2022","567.16","567.16","567.16","567.16","","0.12%"
"01/04/2022","566.49","566.49","566.49","566.49","","-0.48%"
"12/27/2021","569.20","569.20","569.20","569.20","","0.57%"
"12/23/2021","565.98","565.98","565.98","565.98","","1.40%"
"12/22/2021","558.19","558.19","558.19","558.19","","-0.13%"
"12/21/2021","558.91","558.91","558.91","558.91","","-0.58%"
"12/20/2021","562.15","562.15","562.15","562.15","","-0.49%"
"12/19/2021","564.89","564.89","564.89","564.89","","0.51%"
"12/16/2021","562.01","562.01","562.01","562.01","","0.17%"
"12/15/2021","561.06","561.06","561.06","561.06","","0.00%"
"12/14/2021","561.07","561.07","561.07","561.07","","0.06%"
"12/13/2021","560.72","560.72","560.72","560.72","","-0.17%"
"12/12/2021","561.67","561.67","561.67","561.67","","0.02%"
"12/09/2021","561.57","561.57","561.57","561.57","","-0.36%"
"12/08/2021","563.60","563.60","563.60","563.60","","1.24%"
"12/07/2021","556.72","556.72","556.72","556.72","","-1.13%"
"12/06/2021","563.06","563.06","563.06","563.06","","0.54%"
"12/02/2021","560.02","560.02","560.02","560.02","","0.50%"
"12/01/2021","557.23","557.23","557.23","557.23","","0.96%"
"11/30/2021","551.95","551.95","551.95","551.95","","-1.55%"
"11/29/2021","560.62","560.62","560.62","560.62","","-0.02%"
"11/28/2021","560.76","560.76","560.76","560.76","","-2.69%"
"11/25/2021","576.29","576.29","576.29","576.29","","0.51%"
"11/24/2021","573.39","573.39","573.39","573.39","","-0.21%"
"11/23/2021","574.58","574.58","574.58","574.58","","-0.34%"
"11/22/2021","576.56","576.56","576.56","576.56","","0.17%"
"11/21/2021","575.61","575.61","575.61","575.61","","0.37%"
"11/18/2021","573.46","573.46","573.46","573.46","","-0.10%"
"11/17/2021","574.02","574.02","574.02","574.02","","-0.62%"
"11/16/2021","577.63","577.63","577.63","577.63","","-0.35%"
"11/15/2021","579.68","579.68","579.68","579.68","","0.04%"
"11/14/2021","579.46","579.46","579.46","579.46","","-0.32%"
"11/11/2021","581.32","581.32","581.32","581.32","","21.14%"
"11/10/2021","479.86","479.86","479.86","479.86","","-17.21%"
"11/09/2021","579.60","579.60","579.60","579.60","","-0.35%"
"11/08/2021","581.65","581.65","581.65","581.65","","0.41%"
"11/07/2021","579.30","579.30","579.30","579.30","","-1.60%"
"11/04/2021","588.71","588.71","588.71","588.71","","-0.16%"
"11/03/2021","589.65","589.65","589.65","589.65","","0.29%"
"11/02/2021","587.95","587.95","587.95","587.95","","0.16%"
"11/01/2021","587.04","587.04","587.04","587.04","","0.04%"
"10/31/2021","586.81","586.81","586.81","586.81","","-0.34%"
"10/28/2021","588.84","588.84","588.84","588.84","","0.00%"
"10/27/2021","588.84","588.84","588.84","588.84","","-0.31%"
"10/26/2021","590.69","590.69","590.69","590.69","","0.58%"
"10/25/2021","587.28","587.28","587.28","587.28","","0.01%"
"10/24/2021","587.24","587.24","587.24","587.24","","-0.24%"
"10/21/2021","588.64","588.64","588.64","588.64","","0.43%"
"10/20/2021","586.10","586.10","586.10","586.10","","-0.47%"
"10/19/2021","588.89","588.89","588.89","588.89","","0.27%"
"10/17/2021","587.31","587.31","587.31","587.31","","-0.84%"
"10/14/2021","592.30","592.30","592.30","592.30","","-0.10%"
"10/13/2021","592.87","592.87","592.87","592.87","","-1.08%"
"10/12/2021","599.34","599.34","599.34","599.34","","1.15%"
"10/07/2021","592.50","592.50","592.50","592.50","","1.11%"
"10/06/2021","586.02","586.02","586.02","586.02","","-0.14%"
"10/05/2021","586.84","586.84","586.84","586.84","","-0.18%"
"10/04/2021","587.87","587.87","587.87","587.87","","0.01%"
"09/30/2021","587.82","587.82","587.82","587.82","","-0.04%"
"09/29/2021","588.06","588.06","588.06","588.06","","-1.63%"
"09/27/2021","597.78","597.78","597.78","597.78","","0.03%"
"09/26/2021","597.59","597.59","597.59","597.59","","-0.07%"
"09/23/2021","598.03","598.03","598.03","598.03","","-0.38%"
"09/22/2021","600.32","600.32","600.32","600.32","","-0.06%"
"09/21/2021","600.70","600.70","600.70","600.70","","0.29%"
"09/20/2021","598.98","598.98","598.98","598.98","","0.07%"
"09/19/2021","598.56","598.56","598.56","598.56","","-0.04%"
"09/16/2021","598.82","598.82","598.82","598.82","","0.60%"
"09/15/2021","595.23","595.23","595.23","595.23","","-0.17%"
"09/14/2021","596.27","596.27","596.27","596.27","","-0.26%"
"09/13/2021","597.81","597.81","597.81","597.81","","-0.57%"
"09/12/2021","601.24","601.24","601.24","601.24","","-0.54%"
"09/09/2021","604.50","604.50","604.50","604.50","","1.59%"
"09/08/2021","595.03","595.03","595.03","595.03","","0.94%"
"09/07/2021","589.50","589.50","589.50","589.50","","-1.19%"
"09/06/2021","596.61","596.61","596.61","596.61","","0.26%"
"09/05/2021","595.05","595.05","595.05","595.05","","-0.69%"
"09/02/2021","599.18","595.61","599.18","595.61","","0.84%"
"08/31/2021","594.20","594.20","594.20","594.20","","0.60%"
"08/30/2021","590.63","590.63","590.63","590.63","","0.30%"
"08/29/2021","588.84","588.84","588.84","588.84","","-1.35%"
"08/26/2021","596.92","596.92","596.92","596.92","","4.34%"
"08/25/2021","572.08","572.08","572.08","572.08","","-89.29%"
"08/24/2021","5,340.16","5,340.16","5,340.16","5,340.16","","908.59%"
"08/23/2021","529.47","529.47","529.47","529.47","","-0.67%"
"08/22/2021","533.03","533.03","533.03","533.03","","-2.81%"
"08/18/2021","548.42","548.42","548.42","548.42","","-3.77%"
"08/17/2021","569.91","569.91","569.91","569.91","","-1.40%"
"08/16/2021","577.98","577.98","577.98","577.98","","-0.08%"
"08/15/2021","578.43","578.43","578.43","578.43","","-0.37%"
"08/12/2021","580.58","580.58","580.58","580.58","","-0.03%"
"08/11/2021","580.77","580.77","580.77","580.77","","-0.67%"
"08/10/2021","584.70","584.70","584.70","584.70","","0.13%"
"08/08/2021","583.92","583.92","583.92","583.92","","0.26%"
"08/05/2021","582.39","582.39","582.39","582.39","","0.19%"
"08/04/2021","581.31","581.31","581.31","581.31","","0.73%"
"08/03/2021","577.10","577.10","577.10","577.10","","0.81%"
"08/02/2021","572.49","572.49","572.49","572.49","","-0.49%"
"08/01/2021","575.32","575.32","575.32","575.32","","-0.01%"
"07/29/2021","575.36","575.36","575.36","575.36","","-0.16%"
"07/28/2021","576.31","576.31","576.31","576.31","","-0.34%"
"07/27/2021","578.29","578.29","578.29","578.29","","0.92%"
"07/26/2021","573.03","573.03","573.03","573.03","","0.71%"
"07/25/2021","568.98","568.98","568.98","568.98","","0.41%"
"07/15/2021","566.63","566.63","566.63","566.63","","-0.48%"
"07/13/2021","569.34","569.34","569.34","569.34","","0.16%"
"07/12/2021","568.44","568.44","568.44","568.44","","0.14%"
"07/11/2021","567.66","567.66","567.66","567.66","","-0.06%"
"07/08/2021","568.01","568.01","568.01","568.01","","-0.02%"
"07/07/2021","568.15","568.15","568.15","568.15","","1.01%"
"07/06/2021","562.49","562.49","562.49","562.49","","-1.14%"
"07/05/2021","568.96","568.96","568.96","568.96","","-0.35%"
"07/04/2021","570.95","570.95","570.95","570.95","","-0.47%"
"06/30/2021","573.66","573.66","573.66","573.66","","0.06%"
"06/29/2021","573.34","573.34","573.34","573.34","","0.29%"
"06/28/2021","571.66","571.66","571.66","571.66","","-0.03%"
"06/27/2021","571.81","571.81","571.81","571.81","","0.07%"
"06/24/2021","571.41","571.41","571.41","571.41","","-0.19%"
"06/23/2021","572.52","572.52","572.52","572.52","","0.04%"
"06/22/2021","572.27","572.27","572.27","572.27","","-0.36%"
"06/21/2021","574.31","574.31","574.31","574.31","","1.15%"
"06/17/2021","567.76","567.76","567.76","567.76","","0.51%"
"06/16/2021","564.87","564.87","564.87","564.87","","0.02%"
"06/15/2021","564.73","564.73","564.73","564.73","","1.25%"
"06/14/2021","557.75","557.75","557.75","557.75","","-0.28%"
"06/13/2021","559.29","559.29","559.29","559.29","","-0.13%"
"06/10/2021","560.03","560.03","560.03","560.03","","0.70%"
"06/09/2021","556.13","556.13","556.13","556.13","","-0.39%"
"06/08/2021","558.30","558.30","558.30","558.30","","0.08%"
"06/07/2021","557.88","557.88","557.88","557.88","","-0.90%"
"06/06/2021","562.94","562.94","562.94","562.94","","-0.38%"
"06/03/2021","565.10","565.10","565.10","565.10","","-0.15%"
"06/02/2021","565.94","565.94","565.94","565.94","","-0.55%"
"06/01/2021","569.08","569.08","569.08","569.08","","-0.36%"
"05/31/2021","571.16","571.16","571.16","571.16","","-0.66%"
"05/30/2021","574.98","574.98","574.98","574.98","","-0.74%"
"05/27/2021","579.27","579.27","579.27","579.27","","-0.11%"
"05/26/2021","579.89","579.89","579.89","579.89","","-0.98%"
"05/25/2021","585.61","585.61","585.61","585.61","","-0.10%"
"05/24/2021","586.19","586.19","586.19","586.19","","-0.26%"
"05/23/2021","587.72","587.72","587.72","587.72","","-0.03%"
"05/10/2021","587.87","587.87","587.87","587.87","","0.14%"
"05/09/2021","587.02","587.02","587.02","587.02","","0.01%"
"05/06/2021","586.96","586.96","586.96","586.96","","0.25%"
"05/05/2021","585.48","585.48","585.48","585.48","","-0.63%"
"05/04/2021","589.18","589.18","589.18","589.18","","-0.01%"
"05/03/2021","589.22","589.22","589.22","589.22","","0.46%"
"05/02/2021","586.51","586.51","586.51","586.51","","-1.05%"
"04/29/2021","592.74","592.74","592.74","592.74","","0.16%"
"04/28/2021","591.78","591.78","591.78","591.78","","-0.24%"
"04/27/2021","593.21","593.21","593.21","593.21","","0.01%"
"04/26/2021","593.16","593.16","593.16","593.16","","-0.62%"
"04/25/2021","596.89","596.89","596.89","596.89","","0.42%"
"04/22/2021","594.42","594.42","594.42","594.42","","0.19%"
"04/21/2021","593.27","593.27","593.27","593.27","","0.42%"
"04/20/2021","590.80","590.80","590.80","590.80","","-0.91%"
"04/19/2021","596.25","596.25","596.25","596.25","","0.14%"
"04/18/2021","595.40","595.40","595.40","595.40","","1.10%"
"04/15/2021","588.95","588.95","588.95","588.95","","1.66%"
"04/14/2021","579.32","579.32","579.32","579.32","","-0.87%"
"04/13/2021","584.39","584.39","584.39","584.39","","-1.68%"
"04/12/2021","594.40","594.40","594.40","594.40","","-1.99%"
"04/08/2021","606.46","606.46","606.46","606.46","","-0.02%"
"04/07/2021","606.59","606.59","606.59","606.59","","1.22%"
"04/06/2021","599.28","599.28","599.28","599.28","","2.66%"
"04/05/2021","583.73","583.73","583.73","583.73","","-1.57%"
"04/04/2021","593.07","593.07","593.07","593.07","","2.02%"
"04/01/2021","581.33","581.33","581.33","581.33","","2.68%"
"03/31/2021","566.18","566.18","566.18","566.18","","-0.55%"
"03/30/2021","569.31","569.31","569.31","569.31","","-1.33%"
"03/29/2021","576.99","576.99","576.99","576.99","","-0.41%"
"03/28/2021","579.39","579.39","579.39","579.39","","-1.21%"
"03/25/2021","586.50","586.50","586.50","586.50","","-1.54%"
"03/24/2021","595.70","595.70","595.70","595.70","","0.08%"
"03/23/2021","595.20","595.20","595.20","595.20","","-1.02%"
"03/22/2021","601.34","601.34","601.34","601.34","","-0.95%"
"03/18/2021","607.11","607.11","607.11","607.11","","1.58%"
"03/17/2021","597.69","597.69","597.69","597.69","","2.47%"
"03/16/2021","583.31","583.31","583.31","583.31","","0.35%"
"03/15/2021","581.28","581.28","581.28","581.28","","1.55%"
"03/11/2021","572.38","572.38","572.38","572.38","","0.61%"
"03/09/2021","568.93","568.93","568.93","568.93","","0.57%"
"03/08/2021","565.73","565.73","565.73","565.73","","1.22%"
"03/04/2021","558.91","558.91","558.91","558.91","","-0.26%"
"03/03/2021","560.39","560.39","560.39","560.39","","-0.43%"
"03/02/2021","562.82","562.82","562.82","562.82","","-0.17%"
"03/01/2021","563.76","563.76","563.76","563.76","","1.30%"
"02/25/2021","556.55","556.55","556.55","556.55","","1.38%"
"02/24/2021","548.99","548.99","548.99","548.99","","-0.14%"
"02/23/2021","549.78","549.78","549.78","549.78","","-0.26%"
"02/22/2021","551.20","551.20","551.20","551.20","","1.25%"
"02/18/2021","544.38","544.38","544.38","544.38","","2.11%"
"02/17/2021","533.12","533.12","533.12","533.12","","0.58%"
"02/16/2021","530.03","530.03","530.03","530.03","","-0.42%"
"02/15/2021","532.25","532.25","532.25","532.25","","1.64%"
"02/14/2021","523.67","523.67","523.67","523.67","","0.21%"
"02/11/2021","522.55","522.55","522.55","522.55","","1.59%"
"02/10/2021","514.38","514.38","514.38","514.38","","-1.49%"
"02/09/2021","522.17","522.17","522.17","522.17","","-0.23%"
"02/08/2021","523.38","523.38","523.38","523.38","","2.27%"
"02/07/2021","511.76","511.76","511.76","511.76","","3.05%"
"02/04/2021","496.61","496.61","496.61","496.61","","0.52%"
"02/03/2021","494.03","494.03","494.03","494.03","","0.77%"
"02/02/2021","490.26","490.26","490.26","490.26","","0.53%"
"02/01/2021","487.68","487.68","487.68","487.68","","0.73%"
"01/31/2021","484.13","484.13","484.13","484.13","","-0.88%"
"01/28/2021","488.42","488.42","488.42","488.42","","0.41%"
"01/27/2021","486.44","486.44","486.44","486.44","","-0.66%"
"01/26/2021","489.65","489.65","489.65","489.65","","0.27%"
"01/25/2021","488.35","488.35","488.35","488.35","","-0.27%"
"01/24/2021","489.66","489.66","489.66","489.66","","-0.39%"
"01/21/2021","491.57","491.57","491.57","491.57","","0.00%"
"01/20/2021","491.56","491.56","491.56","491.56","","0.44%"
"01/19/2021","489.43","489.43","489.43","489.43","","0.20%"
"01/18/2021","488.45","488.45","488.45","488.45","","-0.47%"
"01/17/2021","490.76","490.76","490.76","490.76","","0.45%"
"01/14/2021","488.58","488.58","488.58","488.58","","0.48%"
"01/13/2021","486.24","486.24","486.24","486.24","","0.02%"
"01/12/2021","486.15","486.15","486.15","486.15","","0.05%"
"01/11/2021","485.92","485.92","485.92","485.92","","16.53%"
"01/10/2021","417.00","417.00","417.00","417.00","","-15.48%"
"01/07/2021","493.39","493.39","493.39","493.39","","-0.27%"
"01/05/2021","494.74","494.74","494.74","494.74","","-1.21%"
"01/04/2021","500.80","500.80","500.80","500.80","","-1.42%"
"12/24/2020","508.03","500.21","508.03","500.21","","1.56%"
"12/23/2020","500.21","500.21","500.21","500.21","","-0.25%"
"12/22/2020","501.46","501.46","501.46","501.46","","-0.79%"
"12/21/2020","505.45","505.45","505.45","505.45","","1.32%"
"12/20/2020","498.87","498.87","498.87","498.87","","3.69%"
"12/17/2020","481.10","481.10","481.10","481.10","","-0.06%"
"12/16/2020","481.38","481.38","481.38","481.38","","-0.14%"
"12/15/2020","482.07","482.07","482.07","482.07","","-0.23%"
"12/14/2020","483.20","483.20","483.20","483.20","","0.60%"
"12/13/2020","480.30","480.30","480.30","480.30","","-0.29%"
"12/09/2020","481.68","481.68","481.68","481.68","","0.01%"
"12/08/2020","481.62","481.62","481.62","481.62","","0.06%"
"12/07/2020","481.35","481.35","481.35","481.35","","0.06%"
"12/06/2020","481.07","481.07","481.07","481.07","","0.28%"
"12/03/2020","479.72","479.72","479.72","479.72","","0.53%"
"12/02/2020","477.17","477.17","477.17","477.17","","0.49%"
"12/01/2020","474.85","474.85","474.85","474.85","","-1.24%"
"11/30/2020","480.80","480.80","480.80","480.80","","-0.27%"
"11/29/2020","482.10","482.10","482.10","482.10","","-0.38%"
"11/26/2020","483.92","483.92","483.92","483.92","","0.60%"
"11/25/2020","481.03","481.03","481.03","481.03","","0.52%"
"11/24/2020","478.54","478.54","478.54","478.54","","0.34%"
"11/23/2020","476.94","476.94","476.94","476.94","","0.03%"
"11/22/2020","476.78","476.78","476.78","476.78","","-0.29%"
"11/19/2020","478.19","478.19","478.19","478.19","","-0.14%"
"11/18/2020","478.84","478.84","478.84","478.84","","-0.06%"
"11/17/2020","479.15","479.15","479.15","479.15","","0.43%"
"11/16/2020","477.09","477.09","477.09","477.09","","-0.75%"
"11/15/2020","480.70","480.70","480.70","480.70","","-0.48%"
"11/12/2020","483.00","483.00","483.00","483.00","","0.84%"
"11/11/2020","478.96","478.96","478.96","478.96","","-0.34%"
"11/10/2020","480.61","480.61","480.61","480.61","","192,143.99%"
"11/09/2020","0.25","0.25","0.25","0.25","","-99.95%"
"11/08/2020","484.38","484.38","484.38","484.38","","0.51%"
"11/05/2020","481.94","481.94","481.94","481.94","","-0.14%"
"11/04/2020","482.62","482.62","482.62","482.62","","0.01%"
"11/03/2020","482.59","482.59","482.59","482.59","","-0.11%"
"11/02/2020","483.14","483.14","483.14","483.14","","-0.39%"
"11/01/2020","485.05","485.05","485.05","485.05","","0.23%"
"10/28/2020","483.96","483.96","483.96","483.96","","-0.25%"
"10/27/2020","485.16","485.16","485.16","485.16","","-0.24%"
"10/26/2020","486.33","486.33","486.33","486.33","","-0.38%"
"10/25/2020","488.17","488.17","488.17","488.17","","0.36%"
"10/22/2020","486.41","486.41","486.41","486.41","","0.29%"
"10/21/2020","485.01","485.01","485.01","485.01","","0.18%"
"10/20/2020","484.15","484.15","484.15","484.15","","0.21%"
"10/19/2020","483.14","483.14","483.14","483.14","","-0.50%"
"10/18/2020","485.57","485.57","485.57","485.57","","-0.57%"
"10/15/2020","488.35","488.35","488.35","488.35","","0.11%"
"10/14/2020","487.81","487.81","487.81","487.81","","-0.13%"
"10/13/2020","488.46","488.46","488.46","488.46","","1.03%"
"10/12/2020","483.46","483.46","483.46","483.46","","-0.15%"
"10/11/2020","484.19","484.19","484.19","484.19","","0.63%"
"10/07/2020","481.18","481.18","481.18","481.18","","0.36%"
"10/06/2020","479.46","479.46","479.46","479.46","","0.74%"
"10/05/2020","475.92","475.92","475.92","475.92","","-0.77%"
"10/04/2020","479.63","479.63","479.63","479.63","","-0.50%"
"10/01/2020","482.05","482.05","482.05","482.05","","-0.48%"
"09/30/2020","484.38","484.38","484.38","484.38","","0.36%"
"09/29/2020","482.66","482.66","482.66","482.66","","0.55%"
"09/28/2020","480.00","480.00","480.00","480.00","","0.19%"
"09/27/2020","479.10","479.10","479.10","479.10","","0.28%"
"09/24/2020","477.74","477.74","477.74","477.74","","0.22%"
"09/23/2020","476.68","476.68","476.68","476.68","","-0.28%"
"09/22/2020","478.00","478.00","478.00","478.00","","0.15%"
"09/21/2020","477.30","477.30","477.30","477.30","","-0.45%"
"09/20/2020","479.44","479.44","479.44","479.44","","-0.82%"
"09/17/2020","483.38","483.38","483.38","483.38","","0.10%"
"09/16/2020","482.90","482.90","482.90","482.90","","0.69%"
"09/15/2020","479.57","479.57","479.57","479.57","","1.41%"
"09/14/2020","472.92","472.92","472.92","472.92","","-0.11%"
"09/13/2020","473.46","473.46","473.46","473.46","","0.63%"
"09/10/2020","470.50","470.50","470.50","470.50","","0.51%"
"09/09/2020","468.09","468.09","468.09","468.09","","0.09%"
"09/08/2020","467.68","467.68","467.68","467.68","","-0.33%"
"09/07/2020","469.22","469.22","469.22","469.22","","0.38%"
"09/06/2020","467.46","467.46","467.46","467.46","","0.06%"
"09/03/2020","467.16","467.16","467.16","467.16","","-0.07%"
"09/02/2020","467.47","467.47","467.47","467.47","","-0.97%"
"09/01/2020","472.05","472.05","472.05","472.05","","0.49%"
"08/31/2020","469.75","469.75","469.75","469.75","","0.77%"
"08/27/2020","466.17","466.17","466.17","466.17","","0.28%"
"08/26/2020","464.85","464.85","464.85","464.85","","-0.13%"
"08/25/2020","465.44","465.44","465.44","465.44","","-0.21%"
"08/24/2020","466.43","466.43","466.43","466.43","","0.23%"
"08/23/2020","465.36","465.36","465.36","465.36","","0.88%"
"08/19/2020","461.30","461.30","461.30","461.30","","0.78%"
"08/18/2020","457.75","457.75","457.75","457.75","","-0.68%"
"08/17/2020","460.87","460.87","460.87","460.87","","-0.43%"
"08/16/2020","462.86","462.86","462.86","462.86","","-0.66%"
"08/12/2020","465.93","465.93","465.93","465.93","","-0.92%"
"08/11/2020","470.24","470.24","470.24","470.24","","4.04%"
"07/29/2020","451.99","451.99","451.99","451.99","","1.82%"
"07/28/2020","443.90","443.90","443.90","443.90","","-0.86%"
"07/27/2020","447.74","447.74","447.74","447.74","","-0.81%"
"07/26/2020","451.41","451.41","451.41","451.41","","-0.85%"
"07/22/2020","455.30","455.30","455.30","455.30","","-1.23%"
"07/21/2020","460.95","460.95","460.95","460.95","","-1.02%"
"07/20/2020","465.68","465.68","465.68","465.68","","1.72%"
"07/19/2020","457.79","457.79","457.79","457.79","","1.53%"
"07/15/2020","450.87","450.87","450.87","450.87","","0.20%"
"07/13/2020","449.96","449.96","449.96","449.96","","1.88%"
"07/12/2020","441.64","441.64","441.64","441.64","","2.19%"
"07/08/2020","432.17","432.17","432.17","432.17","","-0.03%"
"07/07/2020","432.30","432.30","432.30","432.30","","0.03%"
"07/06/2020","432.15","432.15","432.15","432.15","","-0.18%"
"07/05/2020","432.95","432.95","432.95","432.95","","-0.31%"
"07/01/2020","434.29","434.29","434.29","434.29","","-0.15%"
"06/30/2020","434.94","434.94","434.94","434.94","","-0.07%"
"06/29/2020","435.25","435.25","435.25","435.25","","-1.33%"
"06/28/2020","441.10","441.10","441.10","441.10","","1.34%"
"06/24/2020","435.26","435.26","435.26","435.26","","0.65%"
"06/23/2020","432.43","432.43","432.43","432.43","","0.37%"
"06/22/2020","430.83","430.83","430.83","430.83","","-0.10%"
"06/21/2020","431.25","431.25","431.25","431.25","","0.83%"
"06/17/2020","427.72","427.72","427.72","427.72","","0.90%"
"06/16/2020","423.91","423.91","423.91","423.91","","0.38%"
"06/15/2020","422.29","422.29","422.29","422.29","","-0.25%"
"06/14/2020","423.35","423.35","423.35","423.35","","-0.31%"
"05/21/2020","424.67","424.67","424.67","424.67","","-0.79%"
"05/19/2020","428.06","428.06","428.06","428.06","","-0.15%"
"05/17/2020","428.69","428.69","428.69","428.69","","0.03%"
"05/14/2020","428.57","428.57","428.57","428.57","","-0.10%"
"05/12/2020","429.02","429.02","429.02","429.02","","-0.33%"
"05/10/2020","430.46","430.46","430.46","430.46","","0.10%"
"05/07/2020","430.05","430.05","430.05","430.05","","-3.34%"
"05/06/2020","444.90","444.90","444.90","444.90","","7.01%"
"05/05/2020","415.74","415.74","415.74","415.74","","2.43%"
"05/04/2020","405.86","444.90","444.90","405.86","","0.00%"
"05/03/2020","405.86","405.86","405.86","405.86","","-1.85%"
"04/30/2020","413.52","413.52","413.52","413.52","","-25.01%"
"04/28/2020","551.44","551.44","551.44","551.44","","23.95%"
"04/20/2020","444.90","444.90","444.90","444.90","","0.00%"
"03/16/2020","444.90","444.90","444.90","444.90","","-0.89%"
"03/15/2020","448.91","448.91","448.91","448.91","","-0.47%"
"03/12/2020","451.04","451.04","451.04","451.04","","-1.12%"
"03/11/2020","456.13","456.13","456.13","456.13","","-17.28%"
"03/10/2020","551.44","551.44","551.44","551.44","","20.62%"
"03/09/2020","457.19","457.19","457.19","457.19","","-1.41%"
"03/08/2020","463.73","463.73","463.73","463.73","","-1.16%"
"03/05/2020","469.16","469.16","469.16","469.16","","-0.01%"
"03/04/2020","469.21","469.21","469.21","469.21","","0.47%"
"03/03/2020","467.02","467.02","467.02","467.02","","0.11%"
"03/02/2020","466.51","466.51","466.51","466.51","","0.80%"
"03/01/2020","462.81","462.81","462.81","462.81","","0.00%"
"02/27/2020","462.83","462.83","462.83","462.83","","-0.36%"
"02/26/2020","464.52","464.52","464.52","464.52","","0.38%"
"02/25/2020","462.76","462.76","462.76","462.76","","-0.42%"
"02/24/2020","464.70","464.70","464.70","464.70","","0.38%"
"02/23/2020","462.95","462.95","462.95","462.95","","0.00%"
"02/20/2020","462.96","462.96","462.96","462.96","","0.83%"
"02/19/2020","459.15","459.15","459.15","459.15","","-0.07%"
"02/18/2020","459.47","459.47","459.47","459.47","","0.05%"
"02/17/2020","459.26","459.26","459.26","459.26","","0.20%"
"02/16/2020","458.35","458.35","458.35","458.35","","-0.62%"
"02/13/2020","461.23","461.23","461.23","461.23","","0.50%"
"02/12/2020","458.94","458.94","458.94","458.94","","-0.32%"
"02/11/2020","460.41","460.41","460.41","460.41","","-1.08%"
"02/10/2020","465.44","465.44","465.44","465.44","","-0.50%"
"02/09/2020","467.76","467.76","467.76","467.76","","-1.41%"
"02/06/2020","474.43","474.43","474.43","474.43","","-0.58%"
"02/05/2020","477.22","477.22","477.22","477.22","","-0.16%"
"02/04/2020","477.97","477.97","477.97","477.97","","-0.23%"
"02/03/2020","479.06","479.06","479.06","479.06","","0.07%"
"02/02/2020","478.71","478.71","478.71","478.71","","-0.40%"
"01/30/2020","480.64","480.64","480.64","480.64","","-0.38%"
"01/29/2020","482.46","482.46","482.46","482.46","","0.48%"
"01/28/2020","480.17","480.17","480.17","480.17","","0.65%"
"01/27/2020","477.06","477.06","477.06","477.06","","-0.10%"
"01/26/2020","477.53","477.53","477.53","477.53","","0.89%"
"01/23/2020","473.34","473.34","473.34","473.34","","-0.84%"
"01/22/2020","477.37","477.37","477.37","477.37","","-1.07%"
"01/21/2020","482.54","482.54","482.54","482.54","","-0.81%"
"01/20/2020","486.48","486.48","486.48","486.48","","0.90%"
"01/19/2020","482.13","482.13","482.13","482.13","","-0.92%"
"01/16/2020","486.61","486.61","486.61","486.61","","-0.41%"
"01/15/2020","488.63","488.63","488.63","488.63","","-0.04%"
"01/14/2020","488.82","488.82","488.82","488.82","","-0.87%"
"01/13/2020","493.09","493.09","493.09","493.09","","-0.55%"
"01/12/2020","495.84","495.84","495.84","495.84","","-0.53%"
"01/09/2020","498.48","498.48","498.48","498.48","","-0.18%"
"01/08/2020","499.40","499.40","499.40","499.40","","-0.13%"
"01/07/2020","500.06","500.06","500.06","500.06","","0.53%"
"01/05/2020","497.40","497.40","497.40","497.40","","0.61%"
"01/02/2020","494.38","494.38","494.38","494.38","","0.13%"
"12/26/2019","493.76","493.76","493.76","493.76","","0.11%"
"12/25/2019","493.20","493.20","493.20","493.20","","0.19%"
"12/24/2019","492.25","492.25","492.25","492.25","","0.15%"
"12/23/2019","491.50","491.50","491.50","491.50","","-0.49%"
"12/22/2019","493.93","493.93","493.93","493.93","","0.33%"
"12/19/2019","492.31","492.31","492.31","492.31","","0.29%"
"12/18/2019","490.89","490.89","490.89","490.89","","0.40%"
"12/17/2019","488.93","488.93","488.93","488.93","","0.35%"
"12/16/2019","487.22","487.22","487.22","487.22","","0.09%"
"12/15/2019","486.80","486.80","486.80","486.80","","0.60%"
"12/12/2019","483.91","483.91","483.91","483.91","","-0.20%"
"12/11/2019","484.89","484.89","484.89","484.89","","0.34%"
"12/09/2019","483.26","483.26","483.26","483.26","","-0.11%"
"12/08/2019","483.80","483.80","483.80","483.80","","-0.09%"
"12/05/2019","484.26","484.26","484.26","484.26","","0.00%"
"12/04/2019","484.27","484.27","484.27","484.27","","-0.01%"
"12/03/2019","484.31","484.31","484.31","484.31","","0.00%"
"12/02/2019","484.30","484.30","484.30","484.30","","0.01%"
"12/01/2019","484.26","484.26","484.26","484.26","","-0.32%"
"11/28/2019","485.80","485.80","485.80","485.80","","-0.14%"
"11/27/2019","486.47","486.47","486.47","486.47","","0.68%"
"11/26/2019","483.19","483.19","483.19","483.19","","-0.05%"
"11/25/2019","483.41","483.41","483.41","483.41","","-0.06%"
"11/24/2019","483.69","483.69","483.69","483.69","","0.20%"
"11/21/2019","482.74","482.74","482.74","482.74","","0.13%"
"11/20/2019","482.09","482.09","482.09","482.09","","0.01%"
"11/19/2019","482.06","482.06","482.06","482.06","","-0.04%"
"11/18/2019","482.25","482.25","482.25","482.25","","-0.04%"
"11/17/2019","482.43","482.43","482.43","482.43","","-0.28%"
"11/14/2019","483.77","483.77","483.77","483.77","","0.21%"
"11/13/2019","482.75","482.75","482.75","482.75","","0.20%"
"11/12/2019","481.80","481.80","481.80","481.80","","-0.19%"
"11/11/2019","482.72","482.72","482.72","482.72","","-0.46%"
"11/10/2019","484.95","484.95","484.95","484.95","","0.43%"
"11/07/2019","482.86","482.86","482.86","482.86","","0.13%"
"11/04/2019","482.22","482.22","482.22","482.22","","-0.61%"
"11/03/2019","485.20","485.20","485.20","485.20","","0.08%"
"10/31/2019","484.79","484.79","484.79","484.79","","0.49%"
"10/30/2019","482.42","482.42","482.42","482.42","","0.23%"
"10/29/2019","481.32","481.32","481.32","481.32","","0.33%"
"10/28/2019","479.72","479.72","479.72","479.72","","0.29%"
"10/27/2019","478.32","478.32","478.32","478.32","","-0.59%"
"10/24/2019","481.14","481.14","481.14","481.14","","0.25%"
"10/23/2019","479.94","479.94","479.94","479.94","","0.10%"
"10/22/2019","479.48","479.48","479.48","479.48","","-0.62%"
"10/21/2019","482.47","482.47","482.47","482.47","","-0.18%"
"10/20/2019","483.34","483.34","483.34","483.34","","-0.67%"
"10/17/2019","486.62","486.62","486.62","486.62","","-0.37%"
"10/16/2019","488.42","488.42","488.42","488.42","","0.18%"
"10/15/2019","487.54","487.54","487.54","487.54","","0.17%"
"10/14/2019","486.72","486.72","486.72","486.72","","0.44%"
"10/13/2019","484.58","484.58","484.58","484.58","","0.73%"
"10/10/2019","481.07","481.07","481.07","481.07","","1.71%"
"10/09/2019","472.96","472.96","472.96","472.96","","0.22%"
"10/08/2019","471.90","471.90","471.90","471.90","","-0.47%"
"10/02/2019","474.14","474.14","474.14","474.14","","-0.25%"
"10/01/2019","475.33","475.33","475.33","475.33","","-0.03%"
"09/30/2019","475.48","475.48","475.48","475.48","","-0.01%"
"09/29/2019","475.51","475.51","475.51","475.51","","0.15%"
"09/26/2019","474.81","474.81","474.81","474.81","","0.21%"
"09/25/2019","473.80","473.80","473.80","473.80","","0.28%"
"09/24/2019","472.47","472.47","472.47","472.47","","0.24%"
"09/23/2019","471.34","471.34","471.34","471.34","","0.71%"
"09/22/2019","468.00","468.00","468.00","468.00","","0.19%"
"09/19/2019","467.09","467.09","467.09","467.09","","-0.23%"
"09/18/2019","468.15","468.15","468.15","468.15","","-0.25%"
"09/17/2019","469.31","469.31","469.31","469.31","","0.07%"
"09/16/2019","468.97","468.97","468.97","468.97","","0.01%"
"09/15/2019","468.94","468.94","468.94","468.94","","-0.26%"
"09/12/2019","470.16","470.16","470.16","470.16","","-0.11%"
"09/11/2019","470.67","470.67","470.67","470.67","","-0.09%"
"09/10/2019","471.08","471.08","471.08","471.08","","0.00%"
"09/09/2019","471.08","471.08","471.08","471.08","","0.13%"
"09/08/2019","470.47","470.47","470.47","470.47","","-0.09%"
"09/05/2019","470.91","470.91","470.91","470.91","","0.36%"
"09/04/2019","469.20","469.20","469.20","469.20","","-0.30%"
"09/03/2019","470.62","470.62","470.62","470.62","","-0.38%"
"09/02/2019","472.42","472.42","472.42","472.42","","0.27%"
"09/01/2019","471.13","471.13","471.13","471.13","","-0.44%"
"08/29/2019","473.21","473.21","473.21","473.21","","-0.34%"
"08/28/2019","474.83","474.83","474.83","474.83","","-0.16%"
"08/27/2019","475.58","475.58","475.58","475.58","","0.53%"
"08/26/2019","473.05","473.05","473.05","473.05","","-0.52%"
"08/25/2019","475.53","475.53","475.53","475.53","","-0.33%"
"08/22/2019","477.12","477.12","477.12","477.12","","0.20%"
"08/21/2019","476.19","476.19","476.19","476.19","","-1.25%"
"08/20/2019","482.24","482.24","482.24","482.24","","0.70%"
"08/19/2019","478.88","478.88","478.88","478.88","","-0.04%"
"08/18/2019","479.05","479.05","479.05","479.05","","0.29%"
"08/08/2019","477.66","477.66","477.66","477.66","","0.20%"
"08/07/2019","476.73","476.73","476.73","476.73","","-0.46%"
"08/06/2019","478.92","478.92","478.92","478.92","","0.64%"
"08/05/2019","475.86","475.86","475.86","475.86","","-0.25%"
"08/04/2019","477.04","477.04","477.04","477.04","","-0.32%"
"08/01/2019","478.59","478.59","478.59","478.59","","-0.31%"
"07/31/2019","480.09","480.09","480.09","480.09","","0.05%"
"07/30/2019","479.87","479.87","479.87","479.87","","-0.90%"
"07/29/2019","484.23","484.23","484.23","484.23","","0.53%"
"07/28/2019","481.70","481.70","481.70","481.70","","0.77%"
"07/25/2019","478.01","478.01","478.01","478.01","","0.19%"
"07/24/2019","477.10","477.10","477.10","477.10","","-0.40%"
"07/23/2019","479.03","479.03","479.03","479.03","","-2.23%"
"07/22/2019","489.95","489.95","489.95","489.95","","0.08%"
"07/21/2019","489.58","489.58","489.58","489.58","","0.10%"
"07/18/2019","489.10","489.10","489.10","489.10","","-0.09%"
"07/17/2019","489.52","489.52","489.52","489.52","","0.17%"
"07/16/2019","488.68","488.68","488.68","488.68","","0.05%"
"07/15/2019","488.43","488.43","488.43","488.43","","0.15%"
"07/11/2019","487.68","487.68","487.68","487.68","","-0.28%"
"07/10/2019","489.04","489.04","489.04","489.04","","-0.54%"
"07/09/2019","491.71","491.71","491.71","491.71","","0.35%"
"07/08/2019","490.00","490.00","490.00","490.00","","0.96%"
"07/07/2019","485.36","485.36","485.36","485.36","","-0.25%"
"07/04/2019","486.57","486.57","486.57","486.57","","-0.35%"
"07/03/2019","488.29","488.29","488.29","488.29","","-0.90%"
"07/02/2019","492.74","492.74","492.74","492.74","","-0.57%"
"07/01/2019","495.55","495.55","495.55","495.55","","-0.15%"
"06/30/2019","496.31","496.31","496.31","496.31","","0.14%"
"06/27/2019","495.64","495.64","495.64","495.64","","-0.39%"
"06/26/2019","497.58","497.58","497.58","497.58","","0.14%"
"06/25/2019","496.89","496.89","496.89","496.89","","0.17%"
"06/24/2019","496.05","496.05","496.05","496.05","","-0.50%"
"06/23/2019","498.55","498.55","498.55","498.55","","0.42%"
"06/20/2019","496.45","496.45","496.45","496.45","","0.60%"
"06/19/2019","493.48","493.48","493.48","493.48","","-0.31%"
"06/18/2019","495.02","495.02","495.02","495.02","","-0.03%"
"06/17/2019","495.17","495.17","495.17","495.17","","0.20%"
"06/16/2019","494.20","494.20","494.20","494.20","","0.18%"
"06/13/2019","493.29","493.29","493.29","493.29","","0.08%"
"06/12/2019","492.88","492.88","492.88","492.88","","-0.12%"
"06/11/2019","493.46","493.46","493.46","493.46","","-0.67%"
"06/10/2019","496.81","496.81","496.81","496.81","","-0.10%"
"06/09/2019","497.30","497.30","497.30","497.30","","-0.18%"
"06/03/2019","498.19","498.19","498.19","498.19","","-0.35%"
"06/02/2019","499.95","499.95","499.95","499.95","","1.19%"
"05/30/2019","494.05","494.05","494.05","494.05","","0.88%"
"05/29/2019","489.74","489.74","489.74","489.74","","0.13%"
"05/28/2019","489.08","489.08","489.08","489.08","","-0.66%"
"05/27/2019","492.34","492.34","492.34","492.34","","-0.25%"
"05/26/2019","493.57","493.57","493.57","493.57","","1.44%"
"05/23/2019","486.56","486.56","486.56","486.56","","-0.12%"
"05/22/2019","487.14","487.14","487.14","487.14","","-0.65%"
"05/21/2019","490.32","490.32","490.32","490.32","","1.68%"
"05/20/2019","482.21","482.21","482.21","482.21","","0.26%"
"05/19/2019","480.98","480.98","480.98","480.98","","1.03%"
"05/16/2019","476.06","476.06","476.06","476.06","","-0.27%"
"05/15/2019","477.36","477.36","477.36","477.36","","-0.69%"
"05/14/2019","480.66","480.66","480.66","480.66","","1.02%"
"05/13/2019","475.81","475.81","475.81","475.81","","1.21%"
"05/12/2019","470.13","470.13","470.13","470.13","","0.40%"
"05/09/2019","468.25","468.25","468.25","468.25","","-0.08%"
"05/08/2019","468.63","468.63","468.63","468.63","","-0.42%"
"05/07/2019","470.62","470.62","470.62","470.62","","1.29%"
"05/06/2019","464.63","464.63","464.63","464.63","","0.01%"
"05/05/2019","464.58","464.58","464.58","464.58","","-0.11%"
"05/02/2019","465.11","465.11","465.11","465.11","","0.11%"
"04/30/2019","464.61","464.61","464.61","464.61","","-0.20%"
"04/29/2019","465.55","465.55","465.55","465.55","","-0.02%"
"04/28/2019","465.64","465.64","465.64","465.64","","0.53%"
"04/25/2019","463.20","463.20","463.20","463.20","","-1.12%"
"04/24/2019","468.47","468.47","468.47","468.47","","-0.46%"
"04/23/2019","470.65","470.65","470.65","470.65","","-1.44%"
"04/22/2019","477.51","477.51","477.51","477.51","","2.12%"
"04/21/2019","467.61","467.61","467.61","467.61","","1.90%"
"04/18/2019","458.90","458.90","458.90","458.90","","0.68%"
"04/17/2019","455.81","455.81","455.81","455.81","","-0.30%"
"04/16/2019","457.20","457.20","457.20","457.20","","0.20%"
"04/15/2019","456.30","456.30","456.30","456.30","","0.26%"
"04/14/2019","455.11","455.11","455.11","455.11","","0.47%"
"04/11/2019","452.97","452.97","452.97","452.97","","0.17%"
"04/10/2019","452.20","452.20","452.20","452.20","","0.11%"
"04/09/2019","451.69","451.69","451.69","451.69","","-0.15%"
"04/08/2019","452.36","452.36","452.36","452.36","","0.85%"
"04/07/2019","448.55","448.55","448.55","448.55","","-0.45%"
"04/04/2019","450.58","450.58","450.58","450.58","","-0.54%"
"04/03/2019","453.03","453.03","453.03","453.03","","0.35%"
"04/01/2019","451.45","451.45","451.45","451.45","","-0.22%"
"03/31/2019","452.46","452.46","452.46","452.46","","0.62%"
"03/28/2019","449.67","449.67","449.67","449.67","","-0.47%"
"03/27/2019","451.81","451.81","451.81","451.81","","-0.46%"
"03/26/2019","453.89","453.89","453.89","453.89","","-0.37%"
"03/25/2019","455.56","455.56","455.56","455.56","","-0.93%"
"03/24/2019","459.82","459.82","459.82","459.82","","-0.69%"
"03/20/2019","463.02","463.02","463.02","463.02","","-0.77%"
"03/19/2019","466.61","466.61","466.61","466.61","","0.07%"
"03/18/2019","466.29","466.29","466.29","466.29","","0.46%"
"03/17/2019","464.16","464.16","464.16","464.16","","-0.96%"
"03/14/2019","468.66","468.66","468.66","468.66","","-0.20%"
"03/13/2019","469.59","469.59","469.59","469.59","","-1.08%"
"03/12/2019","474.73","474.73","474.73","474.73","","0.38%"
"03/11/2019","472.94","472.94","472.94","472.94","","0.57%"
"03/10/2019","470.28","470.28","470.28","470.28","","-0.52%"
"03/07/2019","472.75","472.75","472.75","472.75","","0.17%"
"03/06/2019","471.95","471.95","471.95","471.95","","-0.10%"
"03/05/2019","472.43","472.43","472.43","472.43","","1.36%"
"03/04/2019","466.07","466.07","466.07","466.07","","-0.40%"
"03/03/2019","467.92","467.92","467.92","467.92","","0.60%"
"02/28/2019","465.13","465.13","465.13","465.13","","-0.83%"
"02/27/2019","469.00","469.00","469.00","469.00","","-1.78%"
"02/26/2019","477.50","477.50","477.50","477.50","","-1.27%"
"02/25/2019","483.65","483.65","483.65","483.65","","-0.84%"
"02/24/2019","487.73","487.73","487.73","487.73","","0.00%"
"02/21/2019","487.74","487.74","487.74","487.74","","-0.52%"
"02/20/2019","490.28","490.28","490.28","490.28","","-0.80%"
"02/19/2019","494.25","494.25","494.25","494.25","","-0.45%"
"02/18/2019","496.48","496.48","496.48","496.48","","0.27%"
"02/17/2019","495.16","495.16","495.16","495.16","","-0.38%"
"02/14/2019","497.04","497.04","497.04","497.04","","-1.41%"
"02/13/2019","504.15","504.15","504.15","504.15","","0.82%"
"02/12/2019","500.06","500.06","500.06","500.06","","0.64%"
"02/11/2019","496.87","496.87","496.87","496.87","","1.11%"
"02/10/2019","491.40","491.40","491.40","491.40","","0.23%"
"02/07/2019","490.28","490.28","490.28","490.28","","-0.23%"
"02/06/2019","491.42","491.42","491.42","491.42","","-0.05%"
"02/05/2019","491.69","491.69","491.69","491.69","","-0.26%"
"02/04/2019","492.97","492.97","492.97","492.97","","0.24%"
"02/03/2019","491.77","491.77","491.77","491.77","","0.93%"
"01/31/2019","487.24","487.24","487.24","487.24","","0.00%"
"01/30/2019","487.24","487.24","487.24","487.24","","-0.32%"
"01/29/2019","488.80","488.80","488.80","488.80","","-0.48%"
"01/28/2019","491.16","491.16","491.16","491.16","","0.03%"
"01/27/2019","490.99","490.99","490.99","490.99","","-0.10%"
"01/24/2019","491.49","491.49","491.49","491.49","","1.52%"
"01/23/2019","484.12","484.12","484.12","484.12","","-0.67%"
"01/22/2019","487.40","487.40","487.40","487.40","","-1.40%"
"01/21/2019","494.33","494.33","494.33","494.33","","0.19%"
"01/20/2019","493.39","493.39","493.39","493.39","","0.47%"
"01/17/2019","491.07","491.07","491.07","491.07","","-1.44%"
"01/16/2019","498.27","498.27","498.27","498.27","","-0.57%"
"01/15/2019","501.15","501.15","501.15","501.15","","-0.13%"
"01/14/2019","501.82","501.82","501.82","501.82","","0.43%"
"01/13/2019","499.65","499.65","499.65","499.65","","-2.11%"
"01/09/2019","510.44","510.44","510.44","510.44","","0.09%"
"01/08/2019","509.97","509.97","509.97","509.97","","0.27%"
"01/07/2019","508.62","508.62","508.62","508.62","","0.34%"
"01/03/2019","506.92","506.92","506.92","506.92","","0.12%"
"01/02/2019","506.32","506.32","506.32","506.32","","-0.74%"