"Date","Price","Vol."
2025-12-31,186.58,11070245.0
2025-12-30,185.37,21225725.0
2025-12-29,184.54,9915536.0
2025-12-24,183.98,8222879.0
2025-12-23,183.59,16311799.0
2025-12-22,184.78,19085395.0
2025-12-19,184.55,100994849.0
2025-12-18,183.84,14603870.0
2025-12-17,180.77,23388994.0
2025-12-16,179.29,17550777.0
2025-12-15,178.02,33041998.0
2025-12-11,177.66,23766321.0
2025-12-10,176.77,35700936.0
2025-12-09,176.8,49465351.0
2025-12-08,179.12,17559668.0
2025-12-05,179.58,37419922.0
2025-12-04,182.08,25082735.0
2025-12-03,178.83,9352230.0
2025-12-02,180.11,41068882.0
2025-12-01,181.45,24627008.0
2025-11-28,181.06,0.0
2025-11-27,180.38,11405077.0
2025-11-26,181.81,42379009.0
2025-11-25,182.52,9877173.0
2025-11-24,186.12,22468844.0
2025-11-21,187.91,25733746.0
2025-11-20,188.26,22991150.0
2025-11-19,188.17,24596778.0
2025-11-18,187.69,27746131.0
2025-11-17,187.86,14581871.0
2025-11-14,187.43,21436711.0
2025-11-13,187.34,28596370.0
2025-11-12,187.12,15142925.0
2025-11-11,188.96,44797838.0
2025-11-10,190.54,22139160.0
2025-11-07,192.07,30401313.0
2025-11-06,192.89,35407918.0
2025-11-05,189.88,24700825.0
2025-11-04,189.08,14351116.0
2025-11-03,190.15,26596217.0
2025-10-31,188.29,28745804.0
2025-10-30,184.97,15828770.0
2025-10-29,183.23,23508469.0
2025-10-28,183.22,28305191.0
2025-10-27,181.06,13513179.0
2025-10-24,179.81,63898883.0
2025-10-23,178.8,16054986.0
2025-10-22,178.36,23979376.0
2025-10-21,177.72,30439619.0
2025-10-16,176.39,15508707.0
2025-10-15,172.24,17978887.0
2025-10-14,170.34,20147990.0
2025-10-13,171.21,20412694.0
2025-10-09,172.58,22908363.0
2025-10-08,173.75,18733380.0
2025-10-07,176.28,27984026.0
2025-10-06,177.67,15049035.0
2025-10-03,178.5,20501100.0
2025-10-02,178.96,22810055.0
2025-10-01,178.16,20254854.0
2025-09-30,176.74,26548676.0
2025-09-29,176.68,12174745.0
2025-09-26,177.89,20801844.0
2025-09-25,177.8,45288180.0
2025-09-24,177.13,62995730.0
2025-09-23,174.32,31084441.0
2025-09-22,173.4,10333363.0
2025-09-19,173.5,18892282.0
2025-09-18,175.02,11991875.0
2025-09-17,177.6,83794851.0
2025-09-16,178.06,22802201.0
2025-09-15,179.02,16219220.0
2025-09-12,178.69,14097419.0
2025-09-11,178.82,42659857.0
2025-09-10,178.78,79190361.0
2025-09-09,177.52,28842366.0
2025-09-08,176.82,42113975.0
2025-09-05,178.28,47948847.0
2025-09-04,178.08,63510604.0
2025-09-03,178.04,63612348.0
2025-09-02,175.21,67266321.0
2025-09-01,173.64,32495755.0
2025-08-29,172.6,56295650.0
2025-08-28,172.05,30384720.0
2025-08-27,171.57,27005115.0
2025-08-26,172.35,30058140.0
2025-08-25,170.41,23562612.0
2025-08-22,170.03,24850869.0
2025-08-21,168.87,23926007.0
2025-08-20,167.75,39236921.0
2025-08-19,166.18,15292880.0
2025-08-18,166.34,21940231.0
2025-08-15,165.66,22275134.0
2025-08-14,164.38,29774777.0
2025-08-13,162.96,24089642.0
2025-08-12,162.22,14512943.0
2025-08-11,162.18,6584337.0
2025-08-08,161.19,8082798.0
2025-08-07,160.98,21021800.0
2025-08-06,159.24,20008200.0
2025-08-05,158.38,8053400.0
2025-08-04,158.02,16792400.0
2025-08-01,158.95,18292200.0
2025-07-31,160.22,15049500.0
2025-07-30,163.67,23051000.0
2025-07-29,164.49,35951200.0
2025-07-28,161.55,18334600.0
2025-07-25,160.53,14237400.0
2025-07-24,160.23,7250200.0
2025-07-23,160.98,33357500.0
2025-07-22,159.92,28292200.0
2025-07-21,158.63,10091000.0
2025-07-18,157.93,13007200.0
2025-07-17,157.79,15500500.0
2025-07-16,157.6,20849900.0
2025-07-15,157.04,19178200.0
2025-07-14,157.69,13044300.0
2025-07-11,159.06,19881700.0
2025-07-10,160.27,22725015.0
2025-07-09,161.0,13408900.0
2025-07-08,162.83,29890500.0
2025-07-07,162.33,13393000.0
2025-07-04,161.17,18292700.0
2025-07-03,160.13,50851200.0
2025-07-02,157.86,28963800.0
2025-07-01,156.58,19693200.0
2025-06-30,153.43,22878900.0
2025-06-27,152.45,28949700.0
2025-06-26,149.88,23249100.0
2025-06-25,148.5,14326100.0
2025-06-24,147.49,16074500.0
2025-06-23,145.76,17725000.0
2025-06-20,145.68,9316100.0
2025-06-19,144.62,27394500.0
2025-06-18,144.37,19621100.0
2025-06-17,143.1,35096900.0
2025-06-16,144.68,28171800.0
2025-06-13,147.6,59152600.0
2025-06-12,147.83,57354100.0
2025-06-11,144.37,51898500.0
2025-06-10,140.6,34735200.0
2025-06-09,136.74,50340900.0
2025-06-05,135.43,14645300.0
2025-06-04,135.36,37326600.0
2025-06-03,133.71,31379900.0
2025-05-30,134.21,18872000.0
2025-05-29,134.45,31191300.0
2025-05-28,134.12,22945500.0
2025-05-27,132.71,14339100.0
2025-05-26,132.37,17793000.0
2025-05-23,133.91,14266600.0
2025-05-22,133.84,8333700.0
2025-05-21,134.27,13164100.0
2025-05-20,134.02,35218500.0
2025-05-19,134.51,52965500.0
2025-05-16,134.27,18658400.0
2025-05-15,133.36,41956600.0
2025-05-14,131.35,12617400.0
2025-05-13,128.82,66495800.0
2025-05-12,127.22,22997500.0
2025-05-09,126.87,24590800.0
2025-05-08,126.13,31108300.0
2025-05-07,126.11,18731800.0
2025-05-06,125.94,11615800.0
2025-05-05,125.76,14295300.0
2025-05-02,125.6,8722300.0
2025-04-30,126.08,16768100.0
2025-04-29,125.6,7390300.0
2025-04-28,125.53,5899600.0
2025-04-25,125.8,6512930.0
2025-04-24,126.14,9634700.0
2025-04-23,126.18,11176700.0
2025-04-22,126.03,52416300.0
2025-04-17,125.33,13866800.0
2025-04-16,126.02,11863500.0
2025-04-15,127.01,10676200.0
2025-04-14,127.62,11146500.0
2025-04-11,126.78,30684100.0
2025-04-10,125.76,16470500.0
2025-04-09,123.6,25353300.0
2025-04-08,126.88,13034500.0
2025-04-07,129.13,8684200.0
2025-04-04,131.51,15462500.0
2025-04-03,131.25,19035100.0
2025-04-02,131.5,20763400.0
2025-04-01,131.59,54711700.0
2025-03-28,130.81,30156600.0
2025-03-27,130.41,9138700.0
2025-03-26,130.24,24211100.0
2025-03-25,129.62,22845800.0
2025-03-24,129.75,10127200.0
2025-03-21,130.22,11059900.0
2025-03-20,129.91,12610200.0
2025-03-19,130.25,13947800.0
2025-03-18,129.9,27591100.0
2025-03-17,130.35,89799800.0
2025-03-14,129.54,25992000.0
2025-03-13,130.14,17571400.0
2025-03-12,131.56,21425100.0
2025-03-11,132.17,21560700.0
2025-03-10,132.36,10222300.0
2025-03-07,133.71,15142100.0
2025-03-06,133.69,29681300.0
2025-03-05,132.0,42400800.0
2025-03-04,131.04,17353600.0
2025-03-03,132.59,18305700.0
2025-02-28,132.13,12712800.0
2025-02-27,132.35,18968000.0
2025-02-26,132.64,22098800.0
2025-02-25,133.26,15730400.0
2025-02-24,133.26,10167700.0
2025-02-21,132.81,22981400.0
2025-02-20,133.63,14828200.0
2025-02-19,133.86,26790600.0
2025-02-18,132.73,17247400.0
2025-02-17,131.91,27249700.0
2025-02-14,131.05,38694700.0
2025-02-13,130.16,18223800.0
2025-02-12,129.66,17156700.0
2025-02-11,129.22,17256700.0
2025-02-10,129.71,27319600.0
2025-02-07,129.58,30312200.0
2025-02-06,130.01,30940200.0
2025-02-05,130.69,34001800.0
2025-02-04,128.96,45257100.0
2025-02-03,127.71,24807100.0
2025-01-31,128.28,55819000.0
2025-01-30,128.48,22020300.0
2025-01-29,130.66,29310200.0
2025-01-28,132.28,24918362.0
2025-01-27,132.11,14127500.0
2025-01-24,132.48,27026300.0
2025-01-23,132.43,45086500.0
2025-01-22,131.73,46487600.0
2025-01-21,131.83,25600800.0
2025-01-20,131.53,19036600.0
2025-01-17,130.79,23506000.0
2025-01-16,130.45,31020800.0
2025-01-15,129.47,24055200.0
2025-01-14,129.73,28812200.0
2025-01-13,129.66,20157750.0
2025-01-10,129.64,29032100.0
2025-01-09,128.97,37683600.0
2025-01-08,128.93,28253900.0
2025-01-07,128.43,24177300.0
2025-01-06,127.28,39509100.0
2025-01-03,126.36,22344300.0
2025-01-02,125.34,9118000.0
2024-12-31,123.48,8477100.0
2024-12-30,123.12,7766400.0
2024-12-27,122.39,7511200.0
2024-12-24,121.77,10084600.0
2024-12-23,121.99,9649700.0
2024-12-20,121.72,68814100.0
2024-12-19,121.34,276187522.0
2024-12-18,120.31,174598120.0
2024-12-17,119.98,8886800.0
2024-12-16,119.11,7658200.0
2024-12-13,119.08,18175100.0
2024-12-11,118.49,52105200.0
2024-12-10,119.32,40939900.0
2024-12-09,116.1,8306800.0
2024-12-06,115.21,11987400.0
2024-12-05,114.31,74322000.0
2024-12-04,112.27,11177400.0
2024-12-03,112.07,24205300.0
2024-12-02,112.74,22555100.0
2024-11-29,111.53,15829200.0
2024-11-28,110.65,63877900.0
2024-11-27,110.68,29727200.0
2024-11-26,111.38,25502200.0
2024-11-25,112.26,23734100.0
2024-11-22,112.74,19227800.0
2024-11-21,112.62,18992700.0
2024-11-20,112.71,16473003.0
2024-11-19,113.43,19152600.0
2024-11-18,114.16,27366700.0
2024-11-15,115.01,16733000.0
2024-11-14,115.36,14748600.0
2024-11-13,115.68,12830900.0
2024-11-12,115.2,22873900.0
2024-11-11,115.06,16184500.0
2024-11-08,115.59,9910530.0
2024-11-07,115.34,58105800.0
2024-11-06,116.6,11151900.0
2024-11-05,116.76,28876500.0
2024-11-04,116.99,15095500.0
2024-10-31,117.61,51538300.0
2024-10-30,118.73,31367800.0
2024-10-29,119.33,57056600.0
2024-10-28,116.5,9039680.0
2024-10-25,115.49,14090800.0
2024-10-24,114.14,9700700.0
2024-10-23,115.13,10289200.0
2024-10-22,114.65,30883600.0
2024-10-18,114.52,5845900.0
2024-10-17,113.29,21398200.0
2024-10-16,112.08,5341200.0
2024-10-15,110.49,3626500.0
2024-10-14,111.27,6184000.0
2024-10-11,110.13,29650300.0
2024-10-09,108.91,20101900.0
2024-10-08,108.81,7767800.0
2024-10-07,108.2,12201200.0
2024-10-04,108.31,3824800.0
2024-10-03,108.14,10445400.0
2024-10-02,107.68,31919230.0
2024-10-01,107.31,9907910.0
2024-09-30,107.08,5125100.0
2024-09-27,107.16,9162400.0
2024-09-26,107.11,13479100.0
2024-09-25,107.49,9952800.0
2024-09-24,106.65,7619000.0
2024-09-23,106.35,19232000.0
2024-09-20,106.44,26775400.0
2024-09-19,107.09,11330500.0
2024-09-18,107.27,34604100.0
2024-09-17,106.56,23194300.0
2024-09-16,107.3,4575400.0
2024-09-13,106.31,13562100.0
2024-09-12,105.79,9004700.0
2024-09-11,107.07,28536200.0
2024-09-10,106.67,18159500.0
2024-09-09,105.84,17317200.0
2024-09-06,105.58,11373300.0
2024-09-05,105.73,13442900.0
2024-09-04,105.2,26794300.0
2024-09-03,105.1,19963700.0
2024-09-02,104.5,10841400.0
2024-08-29,103.34,35893100.0
2024-08-28,103.42,29616100.0
2024-08-27,104.21,21598500.0
2024-08-26,104.66,8451100.0
2024-08-23,104.93,11402700.0
2024-08-22,105.13,7312600.0
2024-08-21,104.64,23055100.0
2024-08-20,103.03,7297100.0
2024-08-19,102.37,11618100.0
2024-08-16,102.47,18647400.0
2024-08-15,102.01,10007000.0
2024-08-14,101.67,12357300.0
2024-08-13,101.64,8807830.0
2024-08-12,101.95,10945900.0
2024-08-09,102.06,6920300.0
2024-08-08,101.4,22366500.0
2024-08-07,101.4,19947500.0
2024-08-06,102.15,32122500.0
2024-08-05,101.15,22241600.0
2024-08-02,103.26,17541100.0
2024-08-01,104.18,4282300.0
2024-07-31,105.73,8978200.0
2024-07-30,106.38,10706000.0
2024-07-29,104.62,15347400.0
2024-07-26,104.22,32819400.0
2024-07-25,105.57,27772230.0
2024-07-24,106.59,11608200.0
2024-07-23,107.42,15176500.0
2024-07-22,107.73,9804800.0
2024-07-19,108.61,7909200.0
2024-07-18,108.74,10117700.0
2024-07-17,109.95,3702100.0
2024-07-16,110.23,13968200.0
2024-07-15,110.13,14372200.0
2024-07-12,110.03,12025200.0
2024-07-11,109.68,16773500.0
2024-07-10,110.05,10570300.0
2024-07-09,109.98,6777700.0
2024-07-08,109.96,11084800.0
2024-07-05,109.02,4706200.0
2024-07-04,108.68,15024100.0
2024-07-03,109.0,17976600.0
2024-07-02,109.25,11198800.0
2024-07-01,109.62,6479300.0
2024-06-28,109.49,9622500.0
2024-06-27,109.02,9147600.0
2024-06-26,111.0,18214700.0
2024-06-25,111.76,9226600.0
2024-06-24,112.76,6160203.0
2024-06-21,112.75,9825800.0
2024-06-20,114.51,21744500.0
2024-06-19,113.49,21016400.0
2024-06-18,113.2,9709500.0
2024-06-14,113.66,4101100.0
2024-06-13,113.45,27706700.0
2024-06-12,113.29,15026900.0
2024-06-11,113.18,18120700.0
2024-06-10,113.63,3259200.0
2024-06-07,114.6,13392400.0
2024-06-06,114.61,15246200.0
2024-06-05,113.54,13395400.0
2024-06-04,113.43,22716000.0
2024-06-03,113.19,31459700.0
2024-05-31,112.98,26226300.0
2024-05-30,113.09,197863000.0
2024-05-29,114.28,29137500.0
2024-05-28,114.39,47397603.0
2024-05-27,111.82,8502400.0
2024-05-24,113.1,15313300.0
2024-05-23,113.6,20573400.0
2024-05-22,115.33,29363000.0
2024-05-21,113.58,19824400.0
2024-05-20,112.12,13452700.0
2024-05-17,110.51,16011800.0
2024-05-16,109.19,5414100.0
2024-05-15,108.98,17874000.0
2024-05-14,108.96,4947900.0
2024-05-13,109.01,3092400.0
2024-05-09,106.48,10009900.0
2024-05-08,105.11,22654700.0
2024-05-07,103.93,9539700.0
2024-05-06,104.37,4186300.0
2024-05-03,104.64,4072300.0
2024-05-02,104.9,4190100.0
2024-04-30,106.54,8179200.0
2024-04-29,106.8,11702100.0
2024-04-26,107.57,20300900.0
2024-04-25,107.24,12641766.0
2024-04-24,107.12,17221000.0
2024-04-23,106.71,9534300.0
2024-04-22,106.37,3947700.0
2024-04-19,106.6,18694000.0
2024-04-18,108.43,9762600.0
2024-04-17,109.3,17312680.0
2024-04-16,109.62,7979200.0
2024-04-15,110.58,13025000.0
2024-04-12,110.63,12407400.0
2024-04-11,110.19,9189707.0
2024-04-09,109.82,16337400.0
2024-04-08,111.0,17950780.0
2024-04-05,113.36,13983400.0
2024-04-04,113.43,35814000.0
2024-04-03,114.05,27433880.0
2024-04-02,112.84,17062800.0
2024-03-28,113.09,50998267.0
2024-03-27,117.78,26053800.0
2024-03-26,117.22,93509000.0
2024-03-25,111.11,141261000.0
2024-03-22,107.66,45733100.0
2024-03-21,105.34,32592100.0
2024-03-20,103.59,15159900.0
2024-03-19,101.07,19097600.0
2024-03-18,100.28,14028600.0
2024-03-15,101.82,27084600.0
2024-03-14,100.04,45968400.0
2024-03-13,97.57,46602900.0
2024-03-12,96.7,39557800.0
2024-03-11,95.52,7009900.0
2024-03-08,94.9,15684500.0
2024-03-07,94.45,4819600.0
2024-03-06,94.2,4411400.0
2024-03-05,93.28,12932000.0
2024-03-04,93.36,4174100.0
2024-03-01,93.25,21453044.0
2024-02-29,92.49,12076300.0
2024-02-28,93.14,24404700.0
2024-02-27,93.31,14989800.0
2024-02-26,93.83,8784200.0
2024-02-23,92.83,16467137.0
2024-02-22,92.67,25001200.0
2024-02-21,92.19,12421400.0
2024-02-20,92.25,7087000.0
2024-02-19,91.87,5350000.0
2024-02-16,91.08,18366400.0
2024-02-15,90.95,25792220.0
2024-02-14,90.82,6280200.0
2024-02-13,91.5,28952300.0
2024-02-12,91.31,1463186.0
2024-02-09,91.18,10647300.0
2024-02-08,91.96,4935900.0
2024-02-07,91.89,4080000.0
2024-02-06,92.52,17343700.0
2024-02-05,92.48,8999477.0
2024-02-02,92.37,8962700.0
2024-02-01,91.91,7616100.0
2024-01-31,92.18,8559200.0
2024-01-30,91.71,11632200.0
2024-01-29,90.1,9813700.0
2024-01-26,90.37,3586239.0
2024-01-25,91.97,6148900.0
2024-01-24,92.07,7383800.0
2024-01-23,92.54,2949437.0
2024-01-22,93.0,6949400.0
2024-01-19,93.37,16931100.0
2024-01-18,93.22,3138000.0
2024-01-17,92.88,9656400.0
2024-01-16,92.7,7283300.0
2024-01-15,92.97,2238000.0
2024-01-12,92.8,2154100.0
2024-01-11,92.71,15625700.0
2024-01-10,92.57,6686200.0
2024-01-09,92.29,10493300.0
2024-01-08,93.26,3555100.0
2024-01-05,92.55,8468700.0
2024-01-04,92.48,3142500.0
2024-01-03,92.11,3621400.0
2024-01-02,91.97,897000.0
2023-12-29,92.11,2638600.0
2023-12-28,91.68,7922300.0
2023-12-27,91.23,17019800.0
2023-12-22,91.01,5931200.0
2023-12-21,90.45,9111000.0
2023-12-20,90.37,9285900.0
2023-12-19,89.99,14750300.0
2023-12-18,91.17,7784300.0
2023-12-15,92.0,5325400.0
2023-12-14,93.05,8873600.0
2023-12-13,93.3,17239200.0
2023-12-11,93.86,3587300.0
2023-12-08,93.94,6136300.0
2023-12-07,93.93,5674900.0
2023-12-06,93.83,61782508.0
2023-12-05,94.7,11486300.0
2023-12-04,93.62,5211300.0
2023-12-01,92.27,8395200.0
2023-11-30,91.93,25002700.0
2023-11-29,92.35,15987800.0
2023-11-28,92.47,16318500.0
2023-11-27,91.21,8636600.0
2023-11-24,92.24,5824100.0
2023-11-23,91.64,6485200.0
2023-11-22,91.75,7040000.0
2023-11-21,90.76,9025300.0
2023-11-20,90.39,5568700.0
2023-11-17,90.5,11730100.0
2023-11-16,90.17,8821000.0
2023-11-15,90.23,8215100.0
2023-11-14,89.35,4736600.0
2023-11-10,88.95,61443400.0
2023-11-09,88.32,21432600.0
2023-11-08,86.41,2179200.0
2023-11-07,85.54,17228200.0
2023-11-06,86.04,18290500.0
2023-11-03,85.74,9245900.0
2023-11-02,87.03,3281000.0
2023-11-01,88.13,6383600.0
2023-10-31,88.56,9695500.0
2023-10-30,88.83,19044000.0
2023-10-27,89.42,79916900.0
2023-10-26,89.59,11223700.0
2023-10-25,89.82,43644500.0
2023-10-24,91.02,3255700.0
2023-10-23,92.58,16194900.0
2023-10-19,93.17,13461500.0
2023-10-18,93.23,15953300.0
2023-10-17,93.26,4807300.0
2023-10-16,93.35,3363800.0
2023-10-13,93.37,2151300.0
2023-10-12,93.69,6544100.0
2023-10-11,93.0,9137700.0
2023-10-09,93.6,6463000.0
2023-10-06,93.49,53533300.0
2023-10-05,95.1,3366200.0
2023-10-04,95.43,7469700.0
2023-10-03,95.39,15353100.0
2023-10-02,95.54,4404200.0
2023-09-29,95.22,5069800.0
2023-09-28,95.3,3626600.0
2023-09-27,95.78,10415100.0
2023-09-26,96.63,6124600.0
2023-09-25,96.73,5808518.0
2023-09-22,96.79,10186800.0
2023-09-21,96.93,6484100.0
2023-09-20,97.17,35713500.0
2023-09-19,98.18,13324800.0
2023-09-18,98.61,2921800.0
2023-09-15,98.93,3628800.0
2023-09-14,98.63,18000500.0
2023-09-13,98.27,17852300.0
2023-09-12,98.35,15890100.0
2023-09-11,99.39,12157400.0
2023-09-08,98.7,14748000.0
2023-09-07,97.98,9757500.0
2023-09-06,97.98,26218510.0
2023-09-05,98.01,13406800.0
2023-09-04,98.1,4839700.0
2023-09-01,98.14,180283200.0
2023-08-31,99.23,5827500.0
2023-08-30,99.5,8601500.0
2023-08-29,99.08,5266700.0
2023-08-28,99.17,5170500.0
2023-08-25,99.38,2191500.0
2023-08-24,100.32,3671500.0
2023-08-23,99.74,7451800.0
2023-08-22,100.69,4075900.0
2023-08-21,100.86,4927400.0
2023-08-18,101.35,4832500.0
2023-08-17,102.21,9429700.0
2023-08-16,100.02,36843700.0
2023-08-15,102.77,4498300.0
2023-08-14,103.23,24562000.0
2023-08-11,104.0,10189400.0
2023-08-10,104.33,20808100.0
2023-08-09,105.05,11702200.0
2023-08-08,104.91,8278300.0
2023-08-07,106.15,6092700.0
2023-08-04,106.17,3097100.0
2023-08-03,105.94,3395600.0
2023-08-02,105.8,9500200.0
2023-08-01,106.88,22538000.0
2023-07-31,105.49,3537400.0
2023-07-28,105.29,212273800.0
2023-07-27,107.34,8859995.0
2023-07-26,105.16,10345700.0
2023-07-25,107.52,11636100.0
2023-07-24,110.27,5736900.0
2023-07-21,110.65,9219764.0
2023-07-20,110.9,9884859.0
2023-07-19,111.63,3108300.0
2023-07-18,112.96,11193500.0
2023-07-17,115.02,4031900.0
2023-07-14,113.93,11852900.0
2023-07-13,114.2,3905437.0
2023-07-12,114.47,13446800.0
2023-07-11,113.83,8456400.0
2023-07-10,112.98,4881400.0
2023-07-07,111.37,14318000.0
2023-07-06,108.81,23935600.0
2023-07-05,108.0,11515300.0
2023-07-04,108.22,21976700.0
2023-07-03,107.79,7390700.0
2023-06-30,107.0,8801300.0
2023-06-29,107.17,4544900.0
2023-06-27,107.19,4006100.0
2023-06-26,107.21,0.0
2023-06-23,107.24,15534400.0
2023-06-22,106.9,14902600.0
2023-06-21,105.29,8369400.0
2023-06-20,103.73,9175800.0
2023-06-19,103.39,5963000.0
2023-06-16,100.35,23614100.0
2023-06-15,100.36,16912000.0
2023-06-14,101.34,10633600.0
2023-06-13,101.68,12304500.0
2023-06-12,103.82,8143800.0
2023-06-09,105.84,4938900.0
2023-06-08,105.9,5220100.0
2023-06-07,106.43,8514300.0
2023-06-06,106.51,13930400.0
2023-06-05,106.09,6994500.0
2023-06-02,105.1,13659900.0
2023-05-31,103.69,15601700.0
2023-05-30,101.8,23891600.0
2023-05-29,99.33,9144800.0
2023-05-26,97.93,28379300.0
2023-05-25,97.67,29943000.0
2023-05-24,98.5,12379200.0
2023-05-23,97.98,10862300.0
2023-05-22,97.75,5718200.0
2023-05-19,98.52,9028272.0
2023-05-18,98.34,12104700.0
2023-05-17,99.98,24459600.0
2023-05-16,96.82,6099300.0
2023-05-15,93.04,26656200.0
2023-05-12,93.58,44529200.0
2023-05-11,98.34,21517700.0
2023-05-10,100.51,10064800.0
2023-05-09,102.09,10531200.0
2023-05-08,103.6,3607100.0
2023-05-05,103.05,8408400.0
2023-05-04,104.47,21927700.0
2023-05-03,104.3,15587200.0
2023-05-02,106.52,4212500.0
2023-04-28,107.63,15016300.0
2023-04-27,108.57,4844400.0
2023-04-26,108.49,7432900.0
2023-04-25,107.69,17490800.0
2023-04-24,108.44,5649000.0
2023-04-20,107.84,13439000.0
2023-04-19,108.65,9052000.0
2023-04-18,109.24,7579400.0
2023-04-17,109.74,6294600.0
2023-04-14,111.56,6497300.0
2023-04-13,111.9,14263200.0
2023-04-12,113.2,7119400.0
2023-04-11,113.61,11675300.0
2023-04-06,114.26,12988900.0
2023-04-05,112.79,33458900.0
2023-04-04,112.8,19095200.0
2023-04-03,113.25,6166100.0
2023-03-31,112.76,4548000.0
2023-03-30,111.74,19978800.0
2023-03-29,112.48,24861800.0
2023-03-28,111.56,15249600.0
2023-03-27,111.83,7060200.0
2023-03-24,110.93,31555700.0
2023-03-23,110.91,14742300.0
2023-03-22,110.86,19398600.0
2023-03-21,109.9,0.0
2023-03-20,107.03,22887900.0
2023-03-17,103.41,83704400.0
2023-03-16,106.81,46623500.0
2023-03-15,110.62,22851900.0
2023-03-14,113.75,5900300.0
2023-03-13,115.03,6113800.0
2023-03-10,117.89,3603600.0
2023-03-09,118.77,18540400.0
2023-03-08,119.19,37677900.0
2023-03-07,123.68,7010300.0
2023-03-06,125.79,6502800.0
2023-03-03,126.17,12234700.0
2023-03-02,126.21,7617000.0
2023-03-01,125.88,5387000.0
2023-02-28,125.98,8244700.0
2023-02-27,125.36,11720800.0
2023-02-24,126.47,7708800.0
2023-02-23,126.58,6022100.0
2023-02-22,127.04,14801100.0
2023-02-21,127.12,5127500.0
2023-02-20,127.11,4253400.0
2023-02-17,128.02,6168800.0
2023-02-16,127.66,19247000.0
2023-02-15,127.85,10489200.0
2023-02-14,127.74,0.0
2023-02-13,127.91,3167600.0
2023-02-10,128.25,8294600.0
2023-02-09,128.62,4421300.0
2023-02-08,128.26,4786400.0
2023-02-07,128.13,15727100.0
2023-02-06,129.34,16602500.0
2023-02-03,129.24,4608745.0
2023-02-02,127.66,5303700.0
2023-02-01,127.64,8973100.0
2023-01-31,125.91,5718935.0
2023-01-30,125.54,5953800.0
2023-01-27,126.07,2456700.0
2023-01-26,125.81,7252500.0
2023-01-25,126.03,0.0
2023-01-24,125.31,13200600.0
2023-01-23,125.67,3894300.0
2023-01-20,124.27,8988500.0
2023-01-19,122.2,115736600.0
2023-01-18,119.37,63742200.0
2023-01-17,120.67,13382200.0
2023-01-16,121.96,5390100.0
2023-01-13,123.26,5626500.0
2023-01-12,124.01,5818800.0
2023-01-11,125.05,3962100.0
2023-01-10,125.54,13128100.0
2023-01-09,126.69,7628128.0
2023-01-06,126.85,11941700.0
2023-01-05,127.32,6547530.0
2023-01-04,126.94,11512900.0
2023-01-03,127.34,1729900.0
2022-12-30,127.47,19212500.0
2022-12-29,126.97,5880800.0
2022-12-28,128.05,4960900.0
2022-12-23,128.09,17668500.0
2022-12-22,128.09,3993800.0
2022-12-21,128.16,13279900.0
2022-12-20,128.35,6235000.0
2022-12-19,128.63,12501100.0
2022-12-16,128.49,8161000.0
2022-12-15,128.07,10147600.0
2022-12-14,128.21,5882800.0
2022-12-13,127.81,3391500.0
2022-12-09,126.46,0.0
2022-12-08,126.33,8046800.0
2022-12-07,126.08,9160700.0
2022-12-06,125.19,8539500.0
2022-12-05,124.42,6858600.0
2022-12-02,126.42,7442100.0
2022-12-01,126.86,8164200.0
2022-11-30,126.48,8556200.0
2022-11-29,127.23,11894700.0
2022-11-28,127.34,3497400.0
2022-11-25,127.28,2788899.0
2022-11-24,127.51,3243200.0
2022-11-23,127.79,21438100.0
2022-11-22,127.55,5698400.0
2022-11-21,128.89,11733400.0
2022-11-18,129.02,14560000.0
2022-11-17,128.77,9507400.0
2022-11-15,127.88,10854600.0
2022-11-14,127.85,4923500.0
2022-11-11,128.09,9769300.0
2022-11-10,128.74,7276818.0
2022-11-09,127.91,5396200.0
2022-11-08,127.36,9402700.0
2022-11-07,127.53,6548300.0
2022-11-04,127.55,11451100.0
2022-11-03,127.82,4934200.0
2022-11-02,127.94,4389500.0
2022-11-01,128.6,20079500.0
2022-10-31,128.8,5315600.0
2022-10-28,128.43,12405000.0
2022-10-27,129.63,6824700.0
2022-10-26,128.68,12405811.0
2022-10-25,127.35,11411700.0
2022-10-24,127.77,2462400.0
2022-10-21,128.3,8718800.0
2022-10-19,129.8,4221000.0
2022-10-18,129.73,7244000.0
2022-10-17,129.78,4614300.0
2022-10-14,129.9,4232400.0
2022-10-13,128.79,8161500.0
2022-10-12,130.35,22439700.0
2022-10-11,129.13,20300500.0
2022-10-07,126.32,25848700.0
2022-10-06,123.63,43668600.0
2022-10-05,124.29,13404430.0
2022-10-04,126.66,14052200.0
2022-10-03,127.92,4223000.0
2022-09-30,128.41,12285700.0
2022-09-29,129.02,5507100.0
2022-09-28,131.11,10973300.0
2022-09-27,131.48,10161900.0
2022-09-26,133.92,17656500.0
2022-09-23,134.86,33419500.0
2022-09-22,134.96,17372800.0
2022-09-21,134.75,12278000.0
2022-09-20,134.96,11364400.0
2022-09-19,133.04,11165983.0
2022-09-16,132.34,26779230.0
2022-09-15,134.18,35442538.0
2022-09-14,138.23,13320500.0
2022-09-12,139.82,34208500.0
2022-09-09,141.64,10924500.0
2022-09-08,143.63,10737130.0
2022-09-07,144.05,10556000.0
2022-09-06,147.27,14070400.0
2022-09-05,140.69,19988000.0
2022-09-02,138.01,11132500.0
2022-09-01,137.37,22950800.0
2022-08-31,137.46,14595300.0
2022-08-30,138.13,10100700.0
2022-08-29,138.25,4091100.0
2022-08-26,137.91,6422400.0
2022-08-25,138.79,2870900.0
2022-08-24,140.56,8902800.0
2022-08-23,142.37,5329825.0
2022-08-22,143.56,5943994.0
2022-08-19,146.32,8543600.0
2022-08-18,146.55,4165500.0
2022-08-17,146.81,10228800.0
2022-08-16,147.21,7456600.0
2022-08-15,147.03,9080500.0
2022-08-12,146.88,5680400.0
2022-08-11,148.81,9768700.0
2022-08-10,145.09,10582800.0
2022-08-08,143.05,19063700.0
2022-08-05,142.01,9552960.0
2022-08-04,141.28,12568300.0
2022-08-03,139.94,15454700.0
2022-08-02,140.26,12061035.0
2022-08-01,138.87,12686236.0
2022-07-29,141.05,13163300.0
2022-07-28,140.48,11719100.0
2022-07-27,138.51,11873100.0
2022-07-26,136.58,5466300.0
2022-07-25,138.08,3846500.0
2022-07-22,136.57,16908700.0
2022-07-21,135.07,11994800.0
2022-07-20,133.83,14702615.0
2022-07-19,135.38,5087900.0
2022-07-18,138.52,0.0
2022-07-15,142.33,17006900.0
2022-07-14,144.58,13364100.0
2022-07-13,139.36,9563500.0
2022-07-12,138.45,13149900.0
2022-07-08,135.39,8641800.0
2022-07-07,134.05,17557300.0
2022-07-06,133.01,16106300.0
2022-07-05,132.19,23583700.0
2022-07-04,129.18,14473900.0
2022-07-01,124.94,24020000.0
2022-06-30,124.47,13485200.0
2022-06-29,122.83,8988500.0
2022-06-28,117.9,9011700.0
2022-06-27,116.88,13008300.0
2022-06-24,117.21,44777900.0
2022-06-23,118.3,4957439.0
2022-06-22,118.62,2253406.0
2022-06-21,120.41,22417444.0
2022-06-20,121.6,2959100.0
2022-06-17,121.81,21083900.0
2022-06-16,123.98,0.0
2022-06-15,126.15,20097200.0
2022-06-14,128.23,12067400.0
2022-06-13,129.0,20118065.0
2022-06-10,129.89,14756900.0
2022-06-09,129.88,20747700.0
2022-06-08,130.02,14017400.0
2022-06-07,129.88,17028800.0
2022-06-06,129.74,16421300.0
2022-06-03,129.41,12799100.0
2022-06-02,128.66,20978700.0
2022-05-31,128.75,30565800.0
2022-05-30,129.68,5118100.0
2022-05-27,129.84,13960300.0
2022-05-26,130.18,27203100.0
2022-05-25,129.02,16332000.0
2022-05-24,128.34,39719700.0
2022-05-23,129.06,13061200.0
2022-05-20,132.52,7946500.0
2022-05-19,133.44,12167300.0
2022-05-18,137.26,11263000.0
2022-05-17,140.35,7331000.0
2022-05-16,139.97,16082300.0
2022-05-13,139.65,9883800.0
2022-05-12,143.6,10308100.0
2022-05-11,145.18,12578900.0
2022-05-10,144.6,18223900.0
2022-05-09,144.98,26884700.0
2022-05-06,144.73,23309700.0
2022-05-05,147.58,0.0
2022-05-04,149.3,14319600.0
2022-04-28,150.17,8578500.0
2022-04-27,151.23,5231700.0
2022-04-26,152.35,9478700.0
2022-04-25,153.98,6683400.0
2022-04-22,154.85,4113923.0
2022-04-21,156.69,26201000.0
2022-04-20,157.29,9353900.0
2022-04-19,157.23,20023000.0
2022-04-14,158.22,0.0
2022-04-13,158.52,11827500.0
2022-04-12,156.5,20458100.0
2022-04-11,154.99,3820500.0
2022-04-08,157.28,6160400.0
2022-04-07,157.42,13477600.0
2022-04-06,157.73,7463800.0
2022-04-05,158.61,7369200.0
2022-04-04,158.24,7821400.0
2022-04-01,156.08,15804200.0
2022-03-31,155.74,20033100.0
2022-03-30,157.93,7091000.0
2022-03-29,158.98,5528700.0
2022-03-28,159.0,8667600.0
2022-03-25,160.43,9426800.0
2022-03-24,159.36,9620500.0
2022-03-23,160.11,14371500.0
2022-03-22,160.86,18028500.0
2022-03-21,159.09,4994600.0
2022-03-18,156.89,6367800.0
2022-03-17,157.68,13177500.0
2022-03-16,159.18,10484400.0
2022-03-15,159.48,11494300.0
2022-03-14,159.21,6383900.0
2022-03-11,159.05,4569200.0
2022-03-10,157.85,19927700.0
2022-03-09,157.92,10203800.0
2022-03-08,160.44,16145200.0
2022-03-07,162.37,6777200.0
2022-03-04,164.64,13173700.0
2022-03-03,164.36,12411800.0
2022-03-02,162.48,16517400.0
2022-03-01,160.53,5661200.0
2022-02-28,160.25,19273300.0
2022-02-25,160.03,17221000.0
2022-02-24,157.54,23215100.0
2022-02-23,163.46,5731600.0
2022-02-22,166.63,20457200.0
2022-02-21,167.04,5275900.0
2022-02-18,166.97,6119700.0
2022-02-17,166.62,14680800.0
2022-02-16,165.95,12981500.0
2022-02-15,165.03,16205400.0
2022-02-14,167.14,4478300.0
2022-02-11,167.94,4189100.0
2022-02-10,168.62,19824700.0
2022-02-09,167.48,15597300.0
2022-02-08,168.83,19373300.0
2022-02-07,166.84,5815982.0
2022-02-04,167.02,7777900.0
2022-02-03,166.62,30805900.0
2022-02-02,165.93,13197900.0
2022-02-01,165.25,18622300.0
2022-01-31,163.29,11959800.0
2022-01-28,161.04,18058600.0
2022-01-27,160.02,10346300.0
2022-01-26,160.34,10167500.0
2022-01-25,161.95,11588400.0
2022-01-24,164.13,11796500.0
2022-01-21,164.66,10323600.0
2022-01-20,164.58,9133000.0
2022-01-19,163.07,14246600.0
2022-01-18,164.3,8808500.0
2022-01-17,164.48,6557300.0
2022-01-14,165.09,5288100.0
2022-01-13,164.86,8195600.0
2022-01-12,165.84,10438600.0
2022-01-11,167.58,12262600.0
2022-01-10,168.1,9036300.0
2022-01-07,171.74,7526800.0
2022-01-06,171.8,6871400.0
2022-01-05,170.67,10525300.0
2022-01-04,169.24,9530200.0
2022-01-03,167.1,17566200.0
2021-12-31,166.46,10187000.0
2021-12-30,165.27,2583900.0
2021-12-29,167.88,3177233.0
2021-12-28,169.1,6109100.0
2021-12-24,170.57,8395300.0
2021-12-23,170.12,9862800.0
2021-12-22,166.79,8845300.0
2021-12-21,164.92,6746400.0
2021-12-20,164.09,12993100.0
2021-12-17,163.64,14587800.0
2021-12-16,163.31,16946100.0
2021-12-15,163.13,16538200.0
2021-12-14,163.11,12432900.0
2021-12-10,162.77,18501400.0
2021-12-09,160.03,23326400.0
2021-12-08,158.96,20224200.0
2021-12-07,157.53,32854100.0
2021-12-06,159.06,10335600.0
2021-12-03,160.03,16707400.0
2021-12-02,162.24,16903000.0
2021-12-01,163.2,16051300.0
2021-11-30,163.9,28276400.0
2021-11-29,164.77,23946300.0
2021-11-26,164.77,68019600.0
2021-11-25,162.14,39492200.0
2021-11-24,161.84,31359500.0
2021-11-23,163.78,11919400.0
2021-11-22,164.81,18614000.0
2021-11-19,168.43,28568800.0
2021-11-18,169.5,9755300.0
2021-11-17,169.7,16500700.0
2021-11-16,170.54,3301000.0
2021-11-15,170.83,12722100.0
2021-11-12,171.47,15197000.0
2021-11-11,172.42,29282300.0
2021-11-10,172.48,19899000.0
2021-11-09,171.03,30234100.0
2021-11-08,170.41,6681400.0
2021-11-05,170.94,7768000.0
2021-11-04,173.4,11430000.0
2021-11-03,175.04,12295000.0
2021-11-02,174.85,14615800.0
2021-11-01,175.83,16993400.0
2021-10-29,177.96,8315300.0
2021-10-28,177.85,7934200.0
2021-10-27,175.82,12644500.0
2021-10-26,175.77,9185500.0
2021-10-25,176.59,12860800.0
2021-10-22,178.54,11992600.0
2021-10-21,177.39,25137100.0
2021-10-19,176.35,23648600.0
2021-10-18,178.36,12432500.0
2021-10-15,178.86,23014500.0
2021-10-14,176.17,7397700.0
2021-10-13,176.17,6433600.0
2021-10-12,176.09,17823200.0
2021-10-08,175.82,27095900.0
2021-10-07,177.7,6789300.0
2021-10-06,179.49,25766800.0
2021-10-05,179.69,10156000.0
2021-10-04,181.92,9861500.0
2021-10-01,181.23,5368000.0
2021-09-30,178.31,14851600.0
2021-09-29,177.04,8821500.0
2021-09-28,177.2,14296400.0
2021-09-27,178.07,13153700.0
2021-09-24,177.81,10958300.0
2021-09-23,178.33,17578200.0
2021-09-22,178.2,20945300.0
2021-09-21,178.2,16988600.0
2021-09-20,181.64,5894900.0
2021-09-17,182.75,12262800.0
2021-09-16,180.52,16791400.0
2021-09-15,179.81,12409900.0
2021-09-14,180.23,17692700.0
2021-09-13,180.3,15648600.0
2021-09-10,180.14,11248500.0
2021-09-09,179.98,8976636.0
2021-09-08,178.74,11043100.0
2021-09-07,177.65,12302300.0
2021-09-06,178.84,12318300.0
2021-09-03,179.47,27577300.0
2021-09-02,180.97,6854000.0
2021-09-01,182.03,17026100.0
2021-08-31,182.33,18561200.0
2021-08-30,185.71,8778200.0
2021-08-27,187.2,10704600.0
2021-08-26,187.4,21727200.0
2021-08-25,187.22,11037700.0
2021-08-24,188.2,7470200.0
2021-08-23,187.86,20516500.0
2021-08-20,186.33,13965100.0
2021-08-19,184.47,28473100.0
2021-08-18,185.93,12318000.0
2021-08-17,187.46,23425900.0
2021-08-16,182.96,10104265.0
2021-08-13,181.18,24287400.0
2021-08-12,180.67,34837100.0
2021-08-11,180.56,11884700.0
2021-08-10,180.53,21198700.0
2021-08-09,180.46,20145800.0
2021-08-06,178.5,8921800.0
2021-08-05,175.89,14687600.0
2021-08-04,175.37,5843000.0
2021-08-03,175.16,9138600.0
2021-08-02,176.16,6682800.0
2021-07-30,177.52,15167666.0
2021-07-29,177.81,14506900.0
2021-07-28,176.92,9158000.0
2021-07-27,177.14,12188600.0
2021-07-26,179.45,3926200.0
2021-07-23,178.98,9531700.0
2021-07-22,179.01,7284700.0
2021-07-21,178.89,14698300.0
2021-07-19,178.61,17118700.0
2021-07-16,178.65,12134700.0
2021-07-15,178.78,7171400.0
2021-07-14,176.15,13322100.0
2021-07-13,174.84,13149800.0
2021-07-12,174.44,5816655.0
2021-07-09,175.22,17820400.0
2021-07-08,175.64,19286200.0
2021-07-07,174.8,15495200.0
2021-07-06,173.93,13072100.0
2021-07-05,173.97,17372600.0
2021-07-02,171.21,17759500.0
2021-07-01,174.87,23764500.0
2021-06-30,173.53,12545629.1
2021-06-29,172.09,16385400.0
2021-06-28,171.83,18654900.0
2021-06-25,171.62,17654000.0
2021-06-24,171.61,20322800.0
2021-06-23,172.3,27777900.0
2021-06-22,172.94,37279700.0
2021-06-21,172.7,9042400.0
2021-06-18,172.38,18190100.0
2021-06-17,173.48,10780000.0
2021-06-16,174.17,14596800.0
2021-06-15,173.34,12147400.0
2021-06-14,172.9,11125200.0
2021-06-11,172.33,30533900.0
2021-06-10,172.48,67611000.0
2021-06-09,171.77,18570700.0
2021-06-08,171.54,9187600.0
2021-06-07,170.18,11232800.0
2021-06-04,169.87,9851400.0
2021-06-03,170.94,30285200.0
2021-06-02,171.19,16443700.0
2021-05-31,169.97,14354200.0
2021-05-28,172.69,29601600.0
2021-05-27,168.94,36471100.0
2021-05-26,172.68,17014115.0
2021-05-25,174.73,24562900.0
2021-05-24,172.2,15571600.0
2021-05-21,165.76,12337600.0
2021-05-20,163.93,10852400.0
2021-05-19,161.58,26110000.0
2021-05-18,162.62,13173400.0
2021-05-17,164.44,30609700.0
2021-05-13,165.76,11802600.0
2021-05-12,167.4,11110600.0
2021-05-11,168.95,22376100.0
2021-05-10,171.45,35652000.0
2021-05-07,171.09,28706500.0
2021-05-06,170.51,17802400.0
2021-05-05,169.69,7535600.0
2021-05-04,170.07,14304700.0
2021-05-03,169.61,5620200.0
2021-04-30,169.15,13369200.0
2021-04-29,169.19,15199800.0
2021-04-28,168.04,15490000.0
2021-04-27,166.42,18297100.0
2021-04-26,166.08,12193200.0
2021-04-23,165.61,10282200.0
2021-04-22,165.98,9950800.0
2021-04-21,166.18,33691300.0
2021-04-20,164.82,10344129.0
2021-04-19,163.73,4791200.0
2021-04-16,165.08,11167000.0
2021-04-15,164.32,11964500.0
2021-04-14,161.38,15951600.0
2021-04-13,160.05,15031100.0
2021-04-12,159.41,10507400.0
2021-04-09,158.59,14946400.0
2021-04-08,157.77,15255500.0
2021-04-07,159.79,25205800.0
2021-04-06,159.85,6710300.0
2021-04-01,160.68,16407400.0
2021-03-31,158.62,22957600.0
2021-03-30,160.97,29221100.0
2021-03-29,161.28,16585500.0
2021-03-26,166.48,9978500.0
2021-03-25,168.85,13289100.0
2021-03-24,168.96,17569900.0
2021-03-23,169.11,26044900.0
2021-03-22,167.5,15364700.0
2021-03-19,166.94,11237900.0
2021-03-18,165.42,7091400.0
2021-03-17,163.33,8676600.0
2021-03-16,162.82,18272400.0
2021-03-15,162.52,12320900.0
2021-03-12,162.08,10310694.0
2021-03-11,162.85,16358817.0
2021-03-10,162.7,31429497.0
2021-03-09,158.6,18272100.0
2021-03-08,157.92,16040300.0
2021-03-05,161.67,8636000.0
2021-03-04,162.79,16133900.0
2021-03-03,163.43,5127368.0
2021-03-02,164.92,26373100.0
2021-03-01,165.2,10893300.0
2021-02-26,165.39,10199200.0
2021-02-25,165.64,10646200.0
2021-02-24,165.85,14632800.0
2021-02-23,165.89,28254000.0
2021-02-22,165.86,16750800.0
2021-02-19,165.55,18254600.0
2021-02-18,164.31,12368600.0
2021-02-17,165.04,15922700.0
2021-02-16,164.48,15376700.0
2021-02-15,165.79,10625600.0
2021-02-12,164.02,9713300.0
2021-02-11,162.5,10393100.0
2021-02-10,158.6,18404500.0
2021-02-09,158.68,22756900.0
2021-02-08,157.06,6589700.0
2021-02-05,157.11,8608300.0
2021-02-04,158.33,45532900.0
2021-02-03,157.22,13209900.0
2021-02-02,154.84,23852400.0
2021-02-01,153.78,18035900.0
2021-01-29,155.59,22832800.0
2021-01-28,156.56,20002400.0
2021-01-27,156.95,23479300.0
2021-01-26,157.45,5770600.0
2021-01-25,157.07,16136400.0
2021-01-22,154.84,10132400.0
2021-01-21,154.17,15544900.0
2021-01-20,155.64,23927300.0
2021-01-19,157.16,18564400.0
2021-01-18,157.56,11542800.0
2021-01-15,158.19,23850600.0
2021-01-14,158.26,14085500.0
2021-01-13,154.53,8456300.0
2021-01-12,153.88,15359500.0
2021-01-11,153.92,6421200.0
2021-01-08,154.18,9244900.0
2021-01-07,153.94,5670800.0
2021-01-06,153.82,21058200.0
2021-01-05,152.49,13055200.0
2021-01-04,152.04,8675900.0
2020-12-31,152.11,4004600.0
2020-12-30,150.97,7065900.0
2020-12-29,150.6,5357700.0
2020-12-28,150.29,6594900.0
2020-12-24,150.18,13113200.0
2020-12-23,149.82,9128100.0
2020-12-22,149.06,10742397.0
2020-12-21,147.52,7031400.0
2020-12-18,148.04,12851800.0
2020-12-17,146.32,14859503.0
2020-12-16,146.23,14200840.0
2020-12-15,146.96,31467603.0
2020-12-14,147.48,10777500.0
2020-12-11,147.12,23210900.0
2020-12-10,145.97,36395603.0
2020-12-09,146.59,17841000.0
2020-12-08,146.57,21212600.0
2020-12-07,146.75,3230300.0
2020-12-04,148.12,34349300.0
2020-12-03,146.76,33574400.0
2020-12-02,146.22,24638300.0
2020-12-01,144.39,22031700.0
2020-11-30,145.2,49666800.0
2020-11-27,143.3,16084500.0
2020-11-26,143.98,20974200.0
2020-11-25,143.93,12327800.0
2020-11-24,142.98,15109600.0
2020-11-23,143.75,9418000.0
2020-11-20,143.72,29289700.0
2020-11-19,142.38,13435400.0
2020-11-18,144.08,6602300.0
2020-11-17,144.51,14119000.0
2020-11-16,144.47,7903000.0
2020-11-13,143.93,16384700.0
2020-11-12,143.3,23978600.0
2020-11-11,144.1,16372300.0
2020-11-10,140.91,20220800.0
2020-11-09,139.75,5425300.0
2020-11-06,141.32,15298100.0
2020-11-05,140.9,35586900.0
2020-11-04,140.19,18551500.0
2020-11-03,140.58,20782200.0
2020-11-02,140.76,13222900.0
2020-10-30,140.04,13041000.0
2020-10-29,139.64,11221500.0
2020-10-28,139.88,11460300.0
2020-10-27,139.99,9968512.0
2020-10-26,139.8,11710300.0
2020-10-23,141.21,17365300.0
2020-10-22,140.72,10512200.0
2020-10-21,139.79,8920300.0
2020-10-19,139.7,6099000.0
2020-10-16,139.65,4388900.0
2020-10-15,139.65,2820200.0
2020-10-14,139.74,23872200.0
2020-10-13,139.97,12706600.0
2020-10-12,140.14,8620900.0
2020-10-09,140.07,13681300.0
2020-10-08,139.61,12927400.0
2020-10-07,141.02,9077200.0
2020-10-06,139.72,7889200.0
2020-10-05,140.33,3163700.0
2020-10-02,140.22,9691600.0
2020-10-01,139.88,8778200.0
2020-09-30,139.89,25345100.0
2020-09-29,140.0,9016500.0
2020-09-28,140.09,14513410.0
2020-09-25,140.37,7730095.0
2020-09-24,139.71,44458700.0
2020-09-23,139.63,25759600.0
2020-09-22,139.77,23727900.0
2020-09-21,139.54,8383100.0
2020-09-18,140.24,19916900.0
2020-09-17,139.8,123504100.0
2020-09-16,140.65,17545800.0
2020-09-15,141.04,10032400.0
2020-09-14,140.62,5090000.0
2020-09-11,140.87,15073000.0
2020-09-10,140.28,43220500.0
2020-09-09,137.41,5977800.0
2020-09-08,136.93,10064500.0
2020-09-07,137.58,18162500.0
2020-09-04,139.27,15154500.0
2020-09-03,141.25,13612800.0
2020-09-02,141.0,42189800.0
2020-09-01,140.26,9389800.0
2020-08-31,139.74,42510732.0
2020-08-28,138.74,25216600.0
2020-08-27,137.26,20285800.0
2020-08-26,135.24,21882203.0
2020-08-25,133.89,37234203.0
2020-08-24,132.52,10963800.0
2020-08-21,131.75,35674200.0
2020-08-20,131.56,21227500.0
2020-08-19,130.85,15935100.0
2020-08-18,130.51,14624814.0
2020-08-17,131.4,20891300.0
2020-08-14,129.46,16510500.0
2020-08-13,129.7,8043400.0
2020-08-12,130.76,11849200.0
2020-08-11,129.24,14075700.0
2020-08-10,130.21,18565500.0
2020-08-07,130.58,10359700.0
2020-08-06,129.59,9593300.0
2020-08-05,127.01,38557900.0
2020-08-04,128.16,32172600.0
2020-08-03,129.61,39661400.0
2020-07-30,133.23,14964100.0
2020-07-29,134.48,7944100.0
2020-07-28,134.8,12874800.0
2020-07-27,137.37,16482100.0
2020-07-24,134.59,9598200.0
2020-07-23,132.44,17002303.0
2020-07-22,131.03,38780000.0
2020-07-21,130.79,39170900.0
2020-07-20,132.22,11305600.0
2020-07-17,132.25,23200500.0
2020-07-16,131.98,35773600.0
2020-07-15,131.9,34833900.0
2020-07-14,131.54,27049000.0
2020-07-13,132.63,17933900.0
2020-07-10,132.38,39547700.0
2020-07-09,132.51,47281800.0
2020-07-08,134.4,29739700.0
2020-07-07,135.14,31703900.0
2020-07-06,137.99,22297100.0
2020-07-03,139.57,6234800.0
2020-07-02,137.77,13218600.0
2020-07-01,137.73,19566200.0
2020-06-30,137.68,15530400.0
2020-06-29,138.79,8534200.0
2020-06-26,137.75,13297410.0
2020-06-25,137.56,29357000.0
2020-06-24,138.46,64041900.0
2020-06-23,140.47,29887019.0
2020-06-22,142.54,9668274.0
2020-06-19,144.58,41627400.0
2020-06-18,144.92,15382701.0
2020-06-17,144.9,16928800.0
2020-06-16,144.74,16804703.0
2020-06-15,143.25,42580900.0
2020-06-12,142.88,47755400.0
2020-06-11,142.04,17105300.0
2020-06-10,141.04,33213800.0
2020-06-09,140.08,23596703.0
2020-06-08,140.74,25397304.0
2020-06-05,139.18,35731287.0
2020-06-04,139.59,22453735.0
2020-06-03,138.26,15416300.0
2020-06-02,137.6,25160819.0
2020-05-29,137.13,34795330.0
2020-05-28,136.51,14226000.0
2020-05-27,137.81,16356502.0
2020-05-26,138.94,18021504.0
2020-05-22,140.39,22471806.0
2020-05-21,138.66,17575363.0
2020-05-20,139.94,9625105.0
2020-05-19,140.68,19237200.0
2020-05-18,139.28,11828207.0
2020-05-15,135.33,36487300.0
2020-05-14,134.19,22444600.0
2020-05-13,137.37,24973200.0
2020-05-12,139.42,43372400.0
2020-05-11,140.65,16121700.0
2020-05-08,140.87,15572800.0
2020-05-07,142.8,19556501.0
2020-05-06,148.22,36411590.0
2020-05-05,145.69,17233600.0
2020-05-04,143.42,28014200.0
2020-04-30,139.69,19721709.0
2020-04-29,140.21,16609100.0
2020-04-28,135.96,15224608.0
2020-04-27,135.82,17276600.0
2020-04-24,135.78,32851704.0
2020-04-23,137.56,16182600.0
2020-04-22,137.07,18196000.0
2020-04-21,138.25,44341365.0
2020-04-20,137.84,19223804.0
2020-04-17,135.93,27740176.0
2020-04-16,134.64,11992757.0
2020-04-15,135.24,21697800.0
2020-04-14,133.59,18250514.0
2020-04-09,131.07,26755700.0
2020-04-08,130.96,23836200.0
2020-04-07,132.72,28100000.0
2020-04-06,135.52,22549900.0
2020-04-03,138.68,21607648.0
2020-04-02,136.68,16161700.0
2020-04-01,133.25,16910302.0
2020-03-31,131.92,26887808.0
2020-03-30,129.72,10739800.0
2020-03-27,127.3,30699697.0
2020-03-26,125.09,30478247.0
2020-03-25,124.3,21190000.0
2020-03-24,124.54,39815200.0
2020-03-23,128.21,18349605.0
2020-03-20,132.93,24931802.0
2020-03-19,132.86,20615123.0
2020-03-18,133.79,35197757.0
2020-03-17,133.55,15346019.0
2020-03-16,131.84,53886902.0
2020-03-13,133.66,42480207.0
2020-03-12,141.46,63047400.0
2020-03-11,149.17,16562500.0
2020-03-10,148.67,29798000.0
2020-03-09,147.98,37648116.0
2020-03-06,156.17,19459911.0
2020-03-05,156.6,12824704.0
2020-03-04,154.66,26569400.0
2020-03-03,153.1,33480300.0
2020-03-02,150.19,28759822.0
2020-02-28,148.6,26412403.0
2020-02-27,151.49,28088000.0
2020-02-26,152.42,9118500.0
2020-02-25,157.01,16879500.0
2020-02-24,158.39,9290200.0
2020-02-21,158.38,15379439.0
2020-02-20,158.87,27532800.0
2020-02-19,159.35,18343500.0
2020-02-18,160.87,11274100.0
2020-02-17,162.11,14412432.0
2020-02-14,162.37,36299000.0
2020-02-13,164.16,28533340.0
2020-02-12,166.96,40545500.0
2020-02-10,167.71,5143400.0
2020-02-07,168.65,34030500.0
2020-02-06,169.35,20832000.0
2020-02-05,165.67,13245114.0
2020-02-04,163.45,23729700.0
2020-02-03,163.08,5258100.0
2020-01-31,162.09,9999000.0
2020-01-30,162.33,17978100.0
2020-01-29,161.21,21165704.0
2020-01-28,161.32,10265200.0
2020-01-27,163.26,10626600.0
2020-01-24,164.98,11500501.0
2020-01-23,165.53,23788700.0
2020-01-22,165.32,7007700.0
2020-01-21,165.96,26155600.0
2020-01-20,166.34,15868604.0
2020-01-17,166.23,15906605.0
2020-01-16,167.21,22246100.0
2020-01-15,167.38,19453700.0
2020-01-14,170.31,18961940.0
2020-01-13,171.08,20828505.0
2020-01-10,171.36,20312200.0
2020-01-09,170.95,16238900.0
2020-01-08,166.65,9114900.0
2020-01-07,166.65,18538300.0
2020-01-06,167.0,5808400.0
2020-01-03,167.37,4284100.0
2020-01-02,165.98,1956427.0
2019-12-31,166.41,10670500.0
2019-12-30,165.37,8875098.0
2019-12-27,165.41,5563300.0
2019-12-24,165.66,5210700.0
2019-12-23,165.12,12383100.0
2019-12-20,163.9,47248505.0
2019-12-19,162.62,15115800.0
2019-12-18,160.53,13843000.0
2019-12-17,159.91,34106006.0
2019-12-16,159.57,10513500.0
2019-12-13,160.52,49086149.0
2019-12-11,160.6,20986600.0
2019-12-10,160.15,27115800.0
2019-12-09,159.99,14115500.0
2019-12-06,160.29,13271400.0
2019-12-05,158.91,21799500.0
2019-12-04,158.7,18873420.0
2019-12-03,158.9,18888000.0
2019-12-02,158.46,9259000.0
2019-11-29,157.93,35099600.0
2019-11-28,156.57,14466903.0
2019-11-27,155.89,11083103.0
2019-11-26,155.47,13173200.0
2019-11-25,155.85,8297503.0
2019-11-22,154.84,23207000.0
2019-11-21,155.0,17233500.0
2019-11-20,155.3,20059800.0
2019-11-19,155.37,6867100.0
2019-11-18,155.48,8873700.0
2019-11-15,155.98,14621800.0
2019-11-14,158.84,15761400.0
2019-11-13,157.27,12040700.0
2019-11-12,157.02,29309600.0
2019-11-11,158.96,14270300.0
2019-11-08,160.99,10025900.0
2019-11-07,165.57,28608400.0
2019-11-06,164.99,83140000.0
2019-11-05,162.73,19955200.0
2019-11-04,163.16,37215900.0
2019-11-01,164.35,57466200.0
2019-10-31,159.55,62188300.0
2019-10-30,155.23,44190300.0
2019-10-29,151.67,12987600.0
2019-10-28,148.08,9160900.0
2019-10-25,150.29,38368300.0
2019-10-24,150.07,23106500.0
2019-10-23,149.46,7518700.0
2019-10-22,149.32,38384003.0
2019-10-18,148.36,28322300.0
2019-10-17,148.28,51328100.0
2019-10-16,146.09,11617500.0
2019-10-15,146.13,3274800.0
2019-10-14,146.41,2500710.0
2019-10-11,147.64,12577103.0
2019-10-09,146.96,7758300.0
2019-10-08,146.64,7488700.0
2019-10-07,146.1,14313200.0
2019-10-04,147.23,12695500.0
2019-10-03,147.53,23906400.0
2019-10-02,146.26,20376300.0
2019-10-01,145.89,18416200.0
2019-09-30,145.46,6295000.0
2019-09-27,144.27,19409700.0
2019-09-26,144.5,8450500.0
2019-09-25,145.7,38200700.0
2019-09-24,145.72,12096600.0
2019-09-23,145.3,6948800.0
2019-09-20,144.98,20898600.0
2019-09-19,144.22,38873700.0
2019-09-18,144.3,19193800.0
2019-09-17,143.88,11656500.0
2019-09-16,144.21,3874200.0
2019-09-13,143.81,6003700.0
2019-09-12,143.98,2965700.0
2019-09-11,143.47,45422900.0
2019-09-10,142.81,10738200.0
2019-09-09,142.81,9692600.0
2019-09-06,142.52,21553900.0
2019-09-05,143.46,27760700.0
2019-09-04,143.16,28857500.0
2019-09-03,142.19,13749200.0
2019-09-02,147.0,14110900.0
2019-08-30,147.58,8512700.0
2019-08-29,148.03,7720600.0
2019-08-28,147.52,8072300.0
2019-08-27,148.13,14447300.0
2019-08-26,148.19,7751600.0
2019-08-23,149.87,11300600.0
2019-08-22,150.29,34551400.0
2019-08-21,150.56,21013500.0
2019-08-20,151.92,51125000.0
2019-08-19,151.92,21423800.0
2019-08-16,151.4,28085200.0
2019-08-15,149.74,13963500.0
2019-08-14,148.62,28996600.0
2019-08-13,148.59,8020800.0
2019-08-09,148.05,12530800.0
2019-08-08,147.18,9989000.0
2019-08-07,146.74,9127500.0
2019-08-06,147.31,5837200.0
2019-08-05,148.1,5569100.0
2019-08-02,148.33,7800700.0
2019-08-01,148.3,5670000.0
2019-07-31,148.25,25513000.0
2019-07-30,148.44,18730200.0
2019-07-29,149.02,6600300.0
2019-07-26,149.0,13159200.0
2019-07-25,148.81,28044900.0
2019-07-24,148.81,13325800.0
2019-07-23,148.04,28857500.0
2019-07-22,149.92,8413700.0
2019-07-19,149.82,7824500.0
2019-07-18,149.25,22639500.0
2019-07-17,149.8,24357600.0
2019-07-16,149.14,9890400.0
2019-07-15,148.95,12968600.0
2019-07-12,149.73,10909000.0
2019-07-11,149.06,8307100.0
2019-07-10,148.86,16853600.0
2019-07-09,147.43,16637200.0
2019-07-08,148.88,10751700.0
2019-07-05,149.8,20450300.0
2019-07-04,149.09,33821100.0
2019-07-03,150.11,9648300.0
2019-07-02,150.13,19794200.0
2019-07-01,150.01,6664000.0
2019-06-28,149.61,33883400.0
2019-06-27,148.34,15824200.0
2019-06-26,148.38,6514800.0
2019-06-25,148.41,21826700.0
2019-06-24,147.69,9103800.0
2019-06-21,147.35,4789800.0
2019-06-20,147.58,19032900.0
2019-06-19,147.53,26719100.0
2019-06-18,148.5,17714600.0
2019-06-17,148.47,24093830.0
2019-06-14,150.12,12059400.0
2019-06-13,150.44,36025300.0
2019-06-12,150.46,37287100.0
2019-06-11,150.22,12056600.0
2019-06-10,150.04,5089900.0
2019-06-07,150.47,8996700.0
2019-06-06,151.22,14178600.0
2019-06-04,151.08,13896400.0
2019-06-03,150.46,14823500.0
2019-05-31,149.92,16633000.0
2019-05-30,150.06,39955200.0
2019-05-29,151.33,30038500.0
2019-05-28,151.77,45475200.0
2019-05-27,147.4,3614100.0
2019-05-24,146.46,18603700.0
2019-05-23,145.83,20679500.0
2019-05-22,145.69,29006500.0
2019-05-21,139.89,16054700.0
2019-05-20,145.18,18312100.0
2019-05-17,145.33,27120600.0
2019-05-16,145.89,13723700.0
2019-05-15,147.01,29491300.0
2019-05-14,146.64,26413700.0
2019-05-13,150.27,13212400.0
2019-05-10,153.29,10210500.0
2019-05-09,155.38,14540000.0
2019-05-08,156.37,12734700.0
2019-05-07,157.79,18158400.0
2019-05-06,157.79,10254400.0
2019-05-03,160.19,19817000.0
2019-05-02,161.0,18276400.0
2019-04-30,157.31,21930700.0
2019-04-29,157.77,11873700.0
2019-04-26,158.19,9958100.0
2019-04-25,158.73,26642500.0
2019-04-24,158.89,16341400.0
2019-04-23,158.65,14575700.0
2019-04-18,158.29,10686300.0
2019-04-17,158.78,5531200.0
2019-04-16,157.62,11455600.0
2019-04-15,157.33,7045000.0
2019-04-12,157.91,9376000.0
2019-04-11,158.29,7703000.0
2019-04-10,158.2,19020400.0
2019-04-09,158.39,17112000.0
2019-04-08,159.24,27078500.0
2019-04-05,159.52,16404300.0
2019-04-04,159.58,7269900.0
2019-04-03,160.08,11253000.0
2019-04-02,159.76,32382500.0
2019-04-01,159.01,11498600.0
2019-03-29,157.66,18633200.0
2019-03-28,155.85,11897800.0
2019-03-27,156.3,16058300.0
2019-03-26,157.37,26708000.0
2019-03-25,159.07,30600700.0
2019-03-22,160.0,18700100.0
2019-03-21,160.97,22914300.0
2019-03-20,160.26,15987600.0
2019-03-19,158.93,36333600.0
2019-03-18,160.15,27622000.0
2019-03-15,158.07,37694000.0
2019-03-14,155.44,31522600.0
2019-03-13,154.46,20212200.0
2019-03-12,155.15,16530000.0
2019-03-11,155.32,4445700.0
2019-03-08,156.11,24088700.0
2019-03-07,155.77,8931600.0
2019-03-06,154.6,20065800.0
2019-03-05,153.7,11352500.0
2019-03-04,153.68,28392900.0
2019-03-01,152.91,18106400.0
2019-02-28,152.56,33657200.0
2019-02-27,154.59,8586600.0
2019-02-26,155.23,8719900.0
2019-02-25,155.03,10307700.0
2019-02-22,154.36,11386700.0
2019-02-21,154.93,17812100.0
2019-02-20,155.54,11155400.0
2019-02-19,156.2,10786200.0
2019-02-18,156.63,21486800.0
2019-02-15,157.29,9414700.0
2019-02-14,158.85,18193700.0
2019-02-13,160.28,21667700.0
2019-02-12,160.28,19902300.0
2019-02-11,160.53,20148300.0
2019-02-08,160.44,50145800.0
2019-02-07,160.44,44148600.0
2019-02-06,160.26,33337500.0
2019-02-05,157.85,29781900.0
2019-02-04,155.49,19003600.0
2019-02-01,154.52,26131600.0
2019-01-31,150.34,94098700.0
2019-01-30,149.29,28845400.0
2019-01-29,148.3,15426200.0
2019-01-28,147.2,31349300.0
2019-01-25,146.48,25674800.0
2019-01-24,145.3,13731400.0
2019-01-23,145.24,7593300.0
2019-01-22,145.24,10972500.0
2019-01-21,145.64,30947800.0
2019-01-18,145.27,33834400.0
2019-01-17,145.01,19799200.0
2019-01-16,144.76,23332800.0
2019-01-15,143.53,29934800.0
2019-01-14,143.11,26008100.0
2019-01-11,142.61,10754500.0
2019-01-10,141.41,39647700.0
2019-01-09,139.31,32056800.0
2019-01-08,138.87,5604300.0
2019-01-07,137.35,9160500.0
2019-01-04,137.03,5874900.0
2019-01-03,139.71,22272600.0
2019-01-02,140.2,7013400.0
