Date,Price,Open,High,Low,Vol.,Change %
2025-12-30,2766.62,2758.42,2775.2,2749.53,,
2025-12-29,2742.03,2775.62,2819.33,2738.95,,
2025-12-26,2754.89,2737.19,2760.53,2735.31,,
2025-12-25,2714.12,2717.9,2722.91,2708.39,,
2025-12-24,2720.02,2723.31,2733.38,2709.96,,
2025-12-23,2725.38,2717.92,2733.17,2704.27,,
2025-12-22,2715.98,2741.24,2741.34,2712.64,,
2025-12-19,2743.09,2779.21,2791.25,2739.55,,
2025-12-18,2753.07,2764.09,2772.87,2752.06,,
2025-12-17,2759.73,2780.86,2781.97,2740.18,,
2025-12-16,2774.23,2749.87,2779.73,2746.77,,
2025-12-15,2748.93,2734.06,2751.7,2723.8,,
2025-12-12,2739.49,2761.36,2769.35,2731.98,,
2025-12-11,2748.93,2733.58,2761.94,2733.29,,
2025-12-10,2720.66,2720.42,2730.6,2713.19,,
2025-12-09,2702.72,2693.36,2721.82,2686.32,,
2025-12-08,2705.17,2727.14,2739.74,2699.79,,
2025-12-05,2711.3,2662.05,2718.32,2656.92,,
2025-12-04,2657.13,2661.39,2668.09,2653.99,,
2025-12-03,2651.71,2640.22,2651.71,2619.88,,
2025-12-02,2667.2,2683.76,2692.22,2657.52,,
2025-12-01,2686.93,2674.51,2698.41,2662.86,,
2025-11-28,2676.42,2627.9,2685.88,2623.38,,
2025-11-27,2621.37,2672.82,2674.23,2605.13,,
2025-11-26,2668.38,2676.81,2679.97,2660.88,,
2025-11-25,2685.95,2672.67,2695.04,2639.72,,
2025-11-24,2654.84,2703.18,2713.02,2645.91,,
2025-11-21,2685.03,2679.54,2695.26,2650.06,,
2025-11-20,2628.31,2635.22,2661.12,2617.57,,
2025-11-19,2646.02,2576.51,2669.85,2558.51,,
2025-11-18,2563.07,2506.61,2574.49,2492.2,,
2025-11-17,2510.64,2509.55,2521.49,2501.71,,
2025-11-14,2525.68,2548.74,2550.93,2514.92,,
2025-11-13,2543.36,2542.57,2550.96,2528.64,,
2025-11-12,2536.22,2573.61,2576.65,2529.06,,
2025-11-11,2566.17,2562.13,2576.62,2550.85,,
2025-11-10,2558.6,2590.59,2600.19,2552.16,,
2025-11-07,2566.42,2545.05,2573.84,2544.48,,
2025-11-06,2542.7,2558.87,2560.25,2532.02,,
2025-11-05,2546.62,2552.75,2579.16,2537.65,,
2025-11-03,2570.96,2566.11,2579.91,2561.91,,
2025-11-01,2532.66,2524.01,2534.73,2520.57,,
2025-10-31,2525.2,2555.63,2556.72,2522.73,,
2025-10-30,2557.48,2531.72,2567.79,2528.01,,
2025-10-29,2523.35,2502.84,2531.25,2500.89,,
2025-10-28,2495.09,2480.3,2515.91,2475.24,,
2025-10-27,2476.79,2500.63,2506.3,2457.87,,
2025-10-24,2543.93,2580.2,2606.81,2530.37,,
2025-10-23,2570.67,2568.42,2582.67,2546.26,,
2025-10-22,2653.0,2659.13,2678.25,2636.48,,
2025-10-21,2632.42,2694.35,2715.78,2608.42,,
2025-10-20,2744.83,2736.9,2757.39,2726.99,,
2025-10-17,2721.14,2695.86,2734.79,2688.36,,
2025-10-16,2607.78,2534.12,2617.18,2528.86,,
2025-10-15,2545.22,2537.12,2564.83,2521.87,,
2025-10-14,2541.49,2571.87,2575.76,2530.17,,
2025-10-13,2576.38,2602.37,2611.54,2549.77,,
2025-10-10,2588.56,2635.45,2640.07,2572.91,,
2025-10-09,2638.37,2559.14,2645.81,2521.43,,
2025-10-08,2562.51,2669.75,2677.75,2548.37,,
2025-10-07,2668.6,2645.04,2673.27,2635.79,,
2025-10-06,2648.5,2594.38,2651.14,2579.19,,
2025-10-03,2604.55,2639.88,2649.57,2600.85,,
2025-10-02,2632.07,2629.36,2648.67,2623.1,,
2025-10-01,2647.25,2690.14,2692.19,2640.56,,
2025-09-30,2684.6,2681.81,2689.6,2651.13,,
2025-09-29,2684.09,2713.14,2744.8,2680.53,,
2025-09-26,2725.97,2701.97,2725.97,2686.68,,
2025-09-25,2708.68,2733.53,2738.58,2699.42,,
2025-09-24,2723.58,2683.53,2745.14,2675.62,,
2025-09-23,2758.65,2755.98,2769.88,2733.36,,
2025-09-22,2741.06,2735.8,2748.52,2702.52,,
2025-09-19,2748.06,2787.39,2794.33,2745.4,,
2025-09-18,2793.58,2814.63,2816.84,2776.12,,
2025-09-17,2814.04,2793.24,2823.75,2784.37,,
2025-09-16,2802.77,2822.85,2831.8,2778.51,,
2025-09-15,2809.85,2826.86,2834.6,2801.03,,
2025-09-12,2839.73,2904.03,2905.68,2837.01,,
2025-09-11,2908.14,2916.27,2916.35,2890.68,,
2025-09-10,2914.26,2919.56,2938.36,2912.5,,
2025-09-09,2935.96,2926.02,2939.2,2919.84,,
2025-09-08,2921.62,2914.28,2921.62,2906.62,,
2025-09-05,2901.45,2891.09,2906.7,2885.92,,
2025-09-04,2873.7,2883.86,2894.49,2864.62,,
2025-09-03,2867.55,2863.12,2875.01,2846.87,,
2025-09-02,2845.39,2878.37,2883.35,2842.8,,
2025-09-01,2886.97,2923.49,2925.02,2886.97,,
2025-08-29,2899.38,2893.99,2904.14,2882.55,,
2025-08-28,2912.72,2918.92,2919.01,2900.33,,
2025-08-27,2911.48,2892.32,2916.92,2888.1,,
2025-08-26,2885.87,2906.96,2915.46,2878.74,,
2025-08-25,2887.24,2886.35,2890.83,2857.97,,
2025-08-22,2896.76,2882.95,2903.48,2876.26,,
2025-08-21,2883.5,2933.1,2935.48,2879.36,,
2025-08-20,2940.78,2974.56,2977.26,2928.85,,
2025-08-19,2965.66,3000.75,3006.13,2962.37,,
2025-08-18,2951.26,2949.46,2972.97,2941.7,,
2025-08-15,3012.09,2987.67,3014.21,2978.69,,
2025-08-14,2977.34,2945.01,2985.27,2933.82,,
2025-08-13,2973.02,2987.6,2988.06,2959.75,,
2025-08-12,2977.18,2959.97,2980.01,2952.34,,
2025-08-11,2964.15,2991.68,2996.4,2956.94,,
2025-08-08,2924.63,2894.58,2926.98,2872.12,,
2025-08-07,2876.43,2836.05,2915.43,2824.78,,
2025-08-06,2764.62,2791.29,2798.21,2754.51,,
2025-08-05,2786.37,2784.71,2792.51,2764.77,,
2025-08-04,2773.85,2733.23,2776.99,2727.86,,
2025-08-01,2727.98,2749.41,2755.95,2724.54,,
2025-07-31,2732.12,2737.13,2741.14,2713.68,,
2025-07-30,2726.24,2751.92,2754.35,2718.65,,
2025-07-29,2758.28,2739.49,2764.03,2728.97,,
2025-07-28,2730.98,2760.9,2783.82,2726.61,,
2025-07-25,2772.39,2819.07,2827.03,2767.44,,
2025-07-24,2807.69,2837.72,2838.22,2806.64,,
2025-07-23,2841.16,2839.41,2849.8,2829.25,,
2025-07-22,2825.61,2811.64,2833.84,2801.11,,
2025-07-21,2821.78,2816.11,2827.94,2804.14,,
2025-07-18,2784.63,2758.28,2789.39,2715.11,,
2025-07-17,2761.48,2787.8,2788.3,2754.86,,
2025-07-16,2777.16,2758.65,2784.82,2747.82,,
2025-07-15,2756.95,2750.37,2761.82,2734.8,,
2025-07-14,2714.14,2616.31,2722.53,2616.03,,
2025-07-11,2642.02,2705.46,2707.82,2638.08,,
2025-07-10,2732.45,2724.64,2735.15,2705.98,,
2025-07-09,2696.45,2733.01,2735.07,2684.87,,
2025-07-08,2755.58,2748.19,2764.75,2738.75,,
2025-07-07,2756.14,2786.06,2788.67,2753.69,,
2025-07-04,2801.65,2808.3,2821.15,2788.9,,
2025-07-03,2823.34,2821.21,2840.13,2812.07,,
2025-07-02,2815.26,2838.45,2840.66,2810.0,,
2025-07-01,2848.44,2854.04,2858.55,2837.12,,
2025-06-30,2847.38,2818.98,2847.38,2806.49,,
2025-06-27,2806.11,2790.67,2814.29,2778.57,,
2025-06-26,2797.27,2794.0,2803.45,2780.49,,
2025-06-25,2790.78,2762.61,2790.78,2759.92,,
2025-06-24,2744.95,2726.43,2747.9,2715.79,,
2025-06-23,2759.67,2753.6,2768.93,2736.41,,
2025-06-20,2751.04,2776.11,2781.08,2748.57,,
2025-06-19,2783.81,2793.74,2800.14,2761.76,,
2025-06-18,2791.83,2799.02,2807.34,2779.68,,
2025-06-17,2788.94,2737.85,2791.03,2730.27,,
2025-06-16,2737.83,2758.97,2767.51,2731.24,,
2025-06-13,2750.32,2732.21,2762.76,2732.2,,
2025-06-11,2733.2,2719.6,2742.45,2718.98,,
2025-06-10,2722.37,2762.46,2767.14,2702.29,,
2025-06-09,2737.76,2767.94,2778.4,2733.75,,
2025-06-06,2786.16,2856.63,2910.52,2784.0,,
2025-06-05,2856.61,2853.2,2858.23,2837.61,,
2025-06-04,2836.64,2854.36,2871.78,2825.52,,
2025-06-03,2834.06,2817.23,2835.39,2807.63,,
2025-06-02,2829.67,2795.02,2830.55,2770.04,,
2025-05-30,2828.83,2814.06,2837.85,2793.15,,
2025-05-29,2809.94,2811.66,2839.97,2800.93,,
2025-05-28,2785.2,2754.0,2799.5,2747.96,,
2025-05-27,2736.75,2718.11,2740.05,2705.78,,
2025-05-26,2699.84,2735.78,2738.27,2699.84,,
2025-05-23,2770.1,2779.56,2790.29,2762.67,,
2025-05-22,2792.16,2784.81,2809.47,2756.04,,
2025-05-21,2809.58,2833.08,2844.04,2806.38,,
2025-05-20,2823.42,2859.26,2862.0,2823.42,,
2025-05-19,2882.63,2879.77,2893.56,2862.6,,
2025-05-16,2840.34,2848.05,2876.67,2781.0,,
2025-05-15,2840.05,2875.03,2877.46,2823.19,,
2025-05-14,2924.21,2917.17,2946.37,2909.54,,
2025-05-13,2935.53,2941.74,2941.93,2911.05,,
2025-05-12,2930.17,2936.83,2947.07,2904.77,,
2025-05-08,2850.93,2864.76,2873.66,2834.59,,
2025-05-07,2833.09,2807.12,2845.14,2790.14,,
2025-05-06,2820.07,2740.17,2826.61,2738.5,,
2025-05-05,2738.8,2810.36,2821.54,2731.74,,
2025-05-02,2836.7,2872.87,2877.83,2835.04,,
2025-04-30,2918.47,2923.86,2954.21,2887.83,,
2025-04-29,2957.66,2994.64,2998.68,2955.18,,
2025-04-28,3034.3,3009.92,3053.15,2979.14,,
2025-04-25,3006.14,2962.11,3009.48,2956.8,,
2025-04-24,2944.43,2961.81,2973.99,2934.79,,
2025-04-23,2943.23,2929.78,2946.43,2900.32,,
2025-04-22,2954.49,2945.13,2954.49,2914.37,,
2025-04-21,2922.46,2881.23,2929.91,2880.01,,
2025-04-18,2872.77,2881.79,2892.01,2825.41,,
2025-04-17,2865.32,2863.2,2884.76,2844.33,,
2025-04-16,2861.83,2801.01,2870.39,2790.7,,
2025-04-15,2805.55,2824.64,2836.0,2788.26,,
2025-04-14,2819.69,2848.99,2856.63,2806.95,,
2025-04-11,2829.92,2825.03,2839.28,2800.69,,
2025-04-10,2764.28,2790.31,2801.19,2742.48,,
2025-04-09,2650.69,2689.77,2707.15,2598.85,,
2025-04-08,2746.41,2775.78,2780.46,2727.98,,
2025-04-07,2729.89,2648.09,2791.28,2646.7,,
2025-04-04,2781.97,2886.61,2902.62,2778.43,,
2025-04-03,2859.58,2957.64,2972.49,2853.76,,
2025-04-02,2926.39,2919.67,2958.4,2917.94,,
2025-04-01,2964.43,3032.41,3044.23,2952.04,,
2025-03-31,3013.36,3008.6,3031.6,2970.94,,
2025-03-28,3025.65,3055.81,3082.26,3001.62,,
2025-03-27,3083.99,3120.47,3124.32,3076.04,,
2025-03-26,3146.31,3195.03,3200.02,3143.65,,
2025-03-25,3164.62,3186.87,3194.43,3122.61,,
2025-03-24,3178.66,3201.66,3202.62,3171.13,,
2025-03-21,3191.61,3218.29,3237.19,3191.61,,
2025-03-20,3223.14,3238.0,3240.5,3180.46,,
2025-03-19,3229.79,3213.51,3236.47,3192.85,,
2025-03-18,3257.49,3263.17,3280.09,3227.47,,
2025-03-17,3245.19,3249.15,3257.33,3213.42,,
2025-03-14,3195.08,3158.4,3200.36,3135.0,,
2025-03-13,3121.57,3149.33,3160.37,3100.06,,
2025-03-12,3183.97,3185.44,3194.93,3160.01,,
2025-03-11,3200.95,3193.02,3215.06,3178.42,,
2025-03-10,3200.81,3224.63,3226.58,3195.24,,
2025-03-07,3166.88,3229.51,3249.0,3160.45,,
2025-03-06,3207.7,3230.89,3234.26,3188.78,,
2025-03-05,3263.62,3242.44,3282.15,3231.3,,
2025-03-04,3241.63,3201.83,3246.09,3194.28,,
2025-03-03,3145.73,3189.81,3191.13,3127.69,,
2025-02-28,3200.48,3199.93,3210.07,3149.37,,
2025-02-27,3232.65,3249.63,3261.13,3190.72,,
2025-02-26,3276.0,3338.4,3339.41,3233.39,,
2025-02-25,3326.14,3362.15,3371.06,3320.24,,
2025-02-24,3303.63,3310.75,3316.42,3272.99,,
2025-02-21,3283.29,3310.03,3320.05,3258.82,,
2025-02-20,3292.62,3294.54,3325.5,3277.51,,
2025-02-19,3270.64,3273.05,3287.75,3221.53,,
2025-02-18,3258.76,3314.88,3333.38,3252.74,,
2025-02-17,3308.41,3255.81,3316.76,3244.8,,
2025-02-14,3185.0,3265.12,3288.32,3150.82,,
2025-02-13,3206.97,3226.02,3247.68,3144.12,,
2025-02-12,3025.63,3040.72,3059.35,3020.6,,
2025-02-11,3018.02,2992.37,3019.61,2982.61,,
2025-02-10,3012.39,2991.99,3020.01,2982.39,,
2025-02-07,2966.53,2982.88,2985.36,2958.04,,
2025-02-06,2970.12,2962.02,2984.89,2949.69,,
2025-02-05,2930.56,2902.15,2936.42,2889.87,,
2025-02-04,2917.71,2942.35,2947.7,2907.31,,
2025-02-03,2926.17,2933.84,2942.79,2912.51,,
2025-01-31,2948.1,2984.99,2995.45,2940.12,,
2025-01-30,2967.47,2947.03,2967.47,2940.3,,
2025-01-29,2950.68,2930.86,2957.64,2925.49,,
2025-01-28,2931.97,2890.62,2934.65,2866.81,,
2025-01-27,2891.39,2942.45,2946.36,2885.49,,
2025-01-24,2947.94,2953.18,2969.31,2933.71,,
2025-01-23,2926.1,2942.62,2944.4,2910.26,,
2025-01-22,2972.62,2944.63,2972.83,2924.74,,
2025-01-21,2934.71,2918.08,2937.32,2884.94,,
2025-01-20,2929.55,2974.56,2983.3,2918.34,,
2025-01-17,2945.52,2905.26,2949.7,2893.16,,
2025-01-16,2911.29,2893.67,2929.28,2892.47,,
2025-01-15,2842.96,2867.93,2879.64,2838.59,,
2025-01-14,2859.51,2847.36,2881.79,2828.41,,
2025-01-13,2866.11,2852.31,2882.49,2835.12,,
2025-01-10,2824.59,2767.27,2843.34,2744.58,,
2025-01-09,2773.12,2841.61,2853.96,2768.58,,
2025-01-08,2840.79,2814.88,2847.49,2813.39,,
2025-01-06,2816.26,2813.32,2822.34,2794.2,,
2025-01-03,2828.5,2892.64,2898.71,2815.2,,
2024-12-30,2883.04,2809.12,2883.04,2809.12,,
2024-12-28,2786.67,2763.48,2798.49,2763.48,,
2024-12-27,2757.45,2754.56,2766.03,2743.18,,
2024-12-26,2766.57,2749.49,2776.33,2738.31,,
2024-12-25,2732.83,2680.25,2751.11,2666.38,,
2024-12-24,2690.96,2710.92,2722.65,2678.86,,
2024-12-23,2702.48,2668.72,2738.7,2658.64,,
2024-12-20,2638.42,2420.45,2652.58,2419.65,,
2024-12-19,2416.45,2428.56,2468.98,2410.22,,
2024-12-18,2409.35,2394.47,2410.19,2380.5,,
2024-12-17,2377.15,2391.49,2414.17,2370.28,,
2024-12-16,2420.3,2474.62,2474.62,2419.57,,
2024-12-13,2485.2,2478.78,2487.42,2466.73,,
2024-12-12,2492.63,2526.66,2548.06,2488.08,,
2024-12-11,2512.54,2514.78,2531.95,2499.82,,
2024-12-10,2522.75,2570.01,2570.01,2515.76,,
2024-12-09,2572.89,2548.08,2586.31,2543.94,,
2024-12-06,2536.23,2527.04,2552.6,2505.9,,
2024-12-05,2510.83,2473.75,2525.45,2438.84,,
2024-12-04,2485.62,2538.24,2555.99,2482.37,,
2024-12-03,2539.64,2585.34,2588.87,2523.54,,
2024-12-02,2586.74,2584.19,2600.28,2578.52,,
2024-11-29,2578.0,2546.13,2581.88,2533.99,,
2024-11-28,2547.88,2530.87,2560.55,2502.0,,
2024-11-27,2491.88,2468.73,2512.59,2426.02,,
2024-11-26,2464.35,2521.89,2544.83,2455.47,,
2024-11-25,2530.69,2583.42,2592.89,2517.58,,
2024-11-22,2581.05,2617.66,2628.5,2577.0,,
2024-11-21,2568.6,2596.85,2606.14,2557.54,,
2024-11-20,2596.89,2640.09,2665.79,2596.06,,
2024-11-19,2630.51,2713.73,2716.38,2623.59,,
2024-11-18,2720.77,2703.31,2729.49,2687.45,,
2024-11-15,2739.21,2703.67,2740.08,2697.44,,
2024-11-14,2697.47,2740.53,2740.53,2694.56,,
2024-11-13,2763.99,2748.61,2771.67,2740.17,,
2024-11-12,2756.76,2779.92,2779.92,2747.76,,
2024-11-11,2785.31,2782.97,2797.94,2765.18,,
2024-11-08,2734.56,2721.64,2749.62,2713.5,,
2024-11-07,2690.63,2662.87,2693.93,2633.59,,
2024-11-06,2662.87,2676.85,2712.29,2650.6,,
2024-11-05,2616.51,2614.13,2624.13,2600.48,,
2024-11-02,2594.38,2579.11,2603.1,2579.11,,
2024-11-01,2574.71,2562.49,2581.47,2541.82,,
2024-10-31,2560.2,2582.47,2593.11,2551.2,,
2024-10-30,2615.38,2608.5,2631.8,2592.15,,
2024-10-29,2599.66,2582.29,2612.94,2557.65,,
2024-10-28,2575.06,2635.95,2652.12,2570.2,,
2024-10-25,2660.36,2723.01,2751.23,2657.31,,
2024-10-24,2718.42,2723.04,2730.58,2690.83,,
2024-10-23,2734.93,2749.53,2755.22,2730.49,,
2024-10-22,2755.19,2772.23,2783.82,2754.08,,
2024-10-21,2767.71,2759.58,2779.73,2759.58,,
2024-10-18,2751.9,2756.3,2770.45,2744.36,,
2024-10-17,2763.53,2786.82,2795.14,2763.53,,
2024-10-16,2783.46,2805.98,2827.15,2781.28,,
2024-10-15,2805.79,2774.56,2810.13,2766.79,,
2024-10-14,2773.36,2744.93,2788.18,2723.3,,
2024-10-11,2754.52,2758.11,2763.0,2737.96,,
2024-10-10,2761.54,2754.16,2775.86,2752.24,,
2024-10-09,2748.81,2787.38,2790.14,2748.81,,
2024-10-08,2788.37,2786.58,2799.3,2774.74,,
2024-10-07,2793.84,2807.85,2817.45,2779.34,,
2024-10-04,2804.62,2799.96,2818.12,2789.94,,
2024-10-03,2782.39,2767.51,2790.98,2739.92,,
2024-10-02,2766.79,2823.42,2838.77,2766.79,,
2024-10-01,2814.19,2831.17,2837.42,2792.21,,
2024-09-30,2857.56,2861.37,2889.87,2841.3,,
2024-09-27,2858.56,2838.11,2861.95,2826.89,,
2024-09-26,2829.65,2819.74,2847.78,2807.3,,
2024-09-25,2830.11,2878.59,2887.68,2829.75,,
2024-09-24,2871.96,2849.0,2871.96,2822.19,,
2024-09-23,2819.87,2797.0,2832.22,2797.0,,
2024-09-20,2782.35,2760.12,2795.72,2760.12,,
2024-09-19,2758.91,2746.41,2777.93,2735.67,,
2024-09-18,2751.73,2776.38,2784.15,2742.48,,
2024-09-17,2774.04,2753.2,2780.24,2726.91,,
2024-09-16,2744.2,2696.66,2746.11,2685.38,,
2024-09-13,2678.99,2629.31,2682.16,2582.79,,
2024-09-12,2615.0,2656.31,2656.31,2603.81,,
2024-09-11,2668.03,2675.16,2690.58,2657.77,,
2024-09-10,2671.38,2722.13,2729.73,2667.06,,
2024-09-09,2703.17,2642.31,2703.58,2642.31,,
2024-09-06,2623.37,2619.23,2648.38,2604.67,,
2024-09-05,2621.62,2631.33,2662.0,2607.52,,
2024-09-04,2605.15,2539.4,2605.15,2534.21,,
2024-09-03,2524.38,2552.32,2603.01,2512.7,,
2024-09-02,2545.07,2622.55,2627.58,2540.49,,
2024-08-30,2650.32,2717.68,2724.53,2641.08,,
2024-08-29,2708.27,2714.44,2723.5,2679.43,,
2024-08-28,2699.98,2729.72,2729.72,2664.3,,
2024-08-27,2730.38,2784.24,2800.0,2726.48,,
2024-08-26,2763.75,2746.97,2795.47,2726.98,,
2024-08-23,2662.47,2718.11,2729.27,2650.19,,
2024-08-22,2725.75,2774.49,2786.76,2725.47,,
2024-08-21,2768.14,2771.15,2783.44,2744.51,,
2024-08-20,2768.42,2780.43,2799.85,2749.26,,
2024-08-19,2775.64,2819.72,2826.24,2775.64,,
2024-08-16,2828.2,2838.78,2847.32,2825.12,,
2024-08-15,2838.11,2865.45,2868.24,2835.69,,
2024-08-14,2871.11,2894.3,2908.63,2867.64,,
2024-08-13,2884.6,2858.93,2895.28,2858.93,,
2024-08-12,2844.77,2840.33,2858.96,2814.58,,
2024-08-09,2848.29,2841.82,2867.29,2829.72,,
2024-08-08,2852.51,2877.8,2888.1,2846.93,,
2024-08-07,2874.94,2840.21,2875.45,2803.47,,
2024-08-06,2830.75,2839.41,2863.45,2814.15,,
2024-08-05,2828.72,2859.12,2868.46,2807.05,,
2024-08-02,2899.0,2927.77,2932.16,2887.3,,
2024-08-01,2935.69,2950.86,2966.66,2935.69,,
2024-07-31,2942.68,2952.19,2961.7,2927.05,,
2024-07-30,2944.78,2906.66,2951.66,2895.25,,
2024-07-29,2906.95,2979.43,2979.43,2906.95,,
2024-07-26,2993.23,3034.31,3060.68,2972.53,,
2024-07-25,3041.37,3044.6,3045.7,3019.61,,
2024-07-24,3051.76,3029.12,3054.34,3015.78,,
2024-07-23,3028.01,3032.53,3033.18,3003.69,,
2024-07-22,3024.54,3023.1,3042.14,3010.15,,
2024-07-19,3008.24,2988.27,3024.88,2974.62,,
2024-07-18,2980.62,2922.77,2980.62,2908.07,,
2024-07-17,2947.24,2963.21,2984.15,2938.47,,
2024-07-16,2944.86,2914.0,2962.11,2879.23,,
2024-07-15,2913.48,2986.32,2994.45,2910.48,,
2024-07-12,2973.21,3004.64,3022.0,2957.91,,
2024-07-11,2992.21,2908.02,2996.34,2901.61,,
2024-07-10,2975.75,3044.66,3056.98,2967.45,,
2024-07-09,3054.07,3123.91,3124.74,3050.05,,
2024-07-08,3132.58,3159.18,3174.42,3122.91,,
2024-07-05,3149.29,3131.87,3158.83,3103.49,,
2024-07-04,3133.81,3190.58,3195.67,3123.92,,
2024-07-03,3203.07,3219.11,3226.16,3196.31,,
2024-07-02,3217.29,3199.03,3221.5,3190.18,,
2024-07-01,3186.19,3160.7,3186.76,3153.93,,
2024-06-28,3154.36,3150.22,3165.31,3141.37,,
2024-06-27,3150.32,3154.58,3158.4,3122.08,,
2024-06-26,3151.7,3129.01,3156.02,3127.65,,
2024-06-25,3111.39,3097.98,3112.82,3074.51,,
2024-06-24,3098.05,3109.22,3127.64,3092.83,,
2024-06-21,3114.35,3126.25,3141.25,3096.63,,
2024-06-20,3123.43,3034.39,3123.43,2996.44,,
2024-06-19,3027.47,3104.22,3107.39,3015.84,,
2024-06-18,3114.15,3171.38,3176.01,3109.09,,
2024-06-17,3183.68,3219.29,3221.84,3183.68,,
2024-06-14,3215.91,3171.78,3219.65,3160.17,,
2024-06-13,3171.69,3050.03,3178.01,3032.05,,
2024-06-11,3171.1,3178.71,3191.27,3148.22,,
2024-06-10,3180.94,3245.4,3255.49,3180.21,,
2024-06-07,3233.22,3199.75,3268.89,3193.57,,
2024-06-06,3192.38,3206.74,3215.99,3178.21,,
2024-06-05,3212.24,3217.63,3237.53,3194.73,,
2024-06-04,3186.93,3160.01,3201.53,3138.25,,
2024-06-03,3141.42,3192.3,3217.36,3087.99,,
2024-05-31,3217.19,3258.52,3270.01,3211.19,,
2024-05-30,3282.18,3332.77,3342.59,3275.54,,
2024-05-29,3318.03,3307.76,3323.08,3284.14,,
2024-05-28,3302.91,3305.11,3347.85,3277.48,,
2024-05-27,3299.22,3384.74,3392.99,3298.21,,
2024-05-24,3396.5,3438.65,3442.36,3377.64,,
2024-05-23,3442.79,3436.81,3444.79,3407.41,,
2024-05-22,3444.64,3433.36,3449.43,3433.36,,
2024-05-21,3428.38,3447.25,3460.19,3409.92,,
2024-05-20,3468.09,3516.4,3521.72,3468.09,,
2024-05-17,3501.89,3495.25,3506.91,3490.17,,
2024-05-16,3486.26,3480.48,3490.77,3477.85,,
2024-05-15,3470.72,3466.35,3476.49,3462.86,,
2024-05-14,3463.93,3465.83,3468.28,3457.31,,
2024-05-13,3457.11,3459.05,3465.62,3448.5,,
2024-05-10,3449.78,3438.5,3452.33,3438.5,,
2024-05-08,3432.54,3431.84,3438.75,3430.1,,
2024-05-07,3427.61,3405.82,3428.37,3405.82,,
2024-05-06,3436.05,3441.7,3444.11,3418.47,,
2024-05-03,3441.77,3443.49,3450.43,3424.63,,
2024-05-02,3442.83,3470.87,3477.42,3439.58,,
2024-04-30,3469.83,3481.29,3486.3,3464.86,,
2024-04-29,3478.08,3468.92,3480.47,3467.25,,
2024-04-27,3465.85,3453.63,3467.23,3453.4,,
2024-04-26,3449.77,3446.39,3459.12,3438.06,,
2024-04-25,3439.76,3429.62,3443.74,3427.02,,
2024-04-24,3428.93,3438.45,3445.67,3423.17,,
2024-04-23,3439.42,3483.26,3487.55,3436.83,,
2024-04-22,3479.17,3468.09,3480.21,3460.58,,
2024-04-19,3470.88,3458.86,3475.13,3451.48,,
2024-04-18,3455.82,3451.37,3457.46,3436.95,,
2024-04-17,3454.07,3469.57,3476.72,3443.07,,
2024-04-16,3462.94,3478.02,3479.04,3459.45,,
2024-04-15,3472.19,3456.38,3476.98,3454.06,,
2024-04-12,3456.24,3448.6,3464.0,3446.79,,
2024-04-11,3439.53,3442.84,3455.61,3431.18,,
2024-04-10,3439.11,3424.75,3440.03,3405.46,,
2024-04-09,3414.26,3423.41,3441.18,3408.99,,
2024-04-08,3417.38,3400.82,3423.35,3400.82,,
2024-04-05,3395.37,3393.2,3401.16,3385.42,,
2024-04-04,3407.57,3399.81,3409.62,3392.06,,
2024-04-03,3395.59,3381.95,3397.33,3376.63,,
2024-04-02,3371.29,3369.32,3375.69,3357.55,,
2024-04-01,3363.29,3343.66,3367.34,3343.66,,
2024-03-29,3332.53,3313.17,3332.53,3305.22,,
2024-03-28,3312.77,3308.26,3313.59,3301.52,,
2024-03-27,3304.09,3291.7,3304.09,3280.03,,
2024-03-26,3285.54,3286.2,3291.0,3275.8,,
2024-03-25,3281.63,3251.24,3281.63,3234.95,,
2024-03-22,3273.49,3289.28,3299.19,3260.39,,
2024-03-21,3286.69,3286.75,3297.46,3259.03,,
2024-03-20,3267.1,3268.87,3286.72,3257.72,,
2024-03-19,3264.97,3293.93,3303.52,3254.3,,
2024-03-18,3296.3,3305.67,3313.05,3292.0,,
2024-03-15,3300.07,3295.15,3313.42,3292.13,,
2024-03-14,3297.0,3314.66,3318.49,3287.86,,
2024-03-13,3320.68,3337.56,3343.56,3317.19,,
2024-03-12,3332.6,3320.18,3335.41,3304.49,,
2024-03-11,3320.31,3329.72,3340.37,3318.9,,
2024-03-07,3315.68,3309.31,3317.73,3303.93,,
2024-03-06,3310.58,3298.86,3318.14,3289.25,,
2024-03-05,3300.89,3305.79,3312.41,3283.59,,
2024-03-04,3296.75,3278.01,3298.63,3277.85,,
2024-03-01,3266.66,3259.0,3269.28,3249.69,,
2024-02-29,3256.8,3233.03,3258.14,3224.09,,
2024-02-28,3227.05,3215.53,3240.29,3213.36,,
2024-02-27,3208.99,3220.26,3224.52,3203.58,,
2024-02-26,3213.17,3186.06,3213.17,3186.06,,
2024-02-22,3142.3,3152.75,3166.86,3141.88,,
2024-02-21,3139.5,3173.01,3185.8,3135.8,,
2024-02-20,3207.49,3236.85,3237.34,3206.07,,
2024-02-19,3244.56,3247.46,3253.02,3234.1,,
2024-02-16,3242.48,3269.84,3275.23,3236.42,,
2024-02-15,3265.63,3249.78,3265.83,3238.83,,
2024-02-14,3258.14,3261.52,3267.88,3251.76,,
2024-02-13,3254.6,3250.3,3259.69,3245.02,,
2024-02-12,3248.5,3241.57,3248.5,3227.7,,
2024-02-09,3242.38,3231.3,3242.38,3219.56,,
2024-02-08,3241.81,3261.18,3266.45,3236.79,,
2024-02-07,3256.58,3240.57,3259.24,3240.16,,
2024-02-06,3238.4,3234.44,3238.4,3228.78,,
2024-02-05,3226.79,3218.91,3232.38,3218.91,,
2024-02-02,3226.35,3229.48,3232.35,3215.0,,
2024-02-01,3229.89,3220.43,3233.21,3220.38,,
2024-01-31,3214.19,3201.48,3219.41,3198.83,,
2024-01-30,3196.08,3181.75,3196.15,3178.82,,
2024-01-29,3176.61,3169.57,3184.15,3169.57,,
2024-01-26,3163.21,3164.55,3171.95,3157.76,,
2024-01-25,3157.74,3163.36,3166.95,3143.89,,
2024-01-24,3162.41,3176.59,3183.7,3152.96,,
2024-01-23,3175.74,3176.19,3179.75,3166.66,,
2024-01-22,3172.15,3161.44,3179.11,3157.37,,
2024-01-19,3166.37,3176.13,3179.21,3154.46,,
2024-01-18,3178.85,3188.71,3193.54,3176.72,,
2024-01-17,3185.23,3174.87,3189.26,3169.99,,
2024-01-16,3179.45,3186.77,3187.14,3162.98,,
2024-01-15,3184.88,3190.62,3200.78,3176.73,,
2024-01-12,3185.22,3182.5,3196.98,3176.09,,
2024-01-11,3181.25,3158.3,3181.25,3148.5,,
2024-01-10,3164.7,3158.35,3174.28,3156.44,,
2024-01-09,3155.55,3156.17,3158.72,3143.03,,
2024-01-08,3158.58,3140.12,3158.82,3139.37,,
2024-01-05,3136.37,3138.27,3142.8,3128.16,,
2024-01-04,3136.07,3140.66,3144.25,3133.93,,
2024-01-03,3130.23,3099.78,3132.76,3099.1,,
2023-12-29,3099.11,3092.66,3102.08,3086.26,,
2023-12-28,3101.99,3099.56,3101.99,3081.98,,
2023-12-27,3097.49,3100.99,3112.19,3097.31,,
2023-12-26,3094.72,3090.39,3098.69,3080.92,,
2023-12-25,3099.02,3095.42,3108.14,3086.89,,
2023-12-22,3092.58,3076.31,3102.75,3075.56,,
2023-12-21,3073.57,3093.46,3095.01,3050.0,,
2023-12-20,3104.66,3091.35,3113.92,3088.74,,
2023-12-19,3083.64,3084.12,3091.26,3066.34,,
2023-12-18,3076.26,3052.14,3090.04,3048.82,,
2023-12-15,3033.89,2959.29,3037.29,2959.29,,
2023-12-14,3008.84,3046.43,3057.08,3005.94,,
2023-12-13,3032.22,3011.99,3043.42,3002.38,,
2023-12-12,3019.89,3020.61,3046.81,2992.5,,
2023-12-11,3026.17,3081.88,3082.3,3025.74,,
2023-12-08,3079.99,3079.88,3100.22,3067.46,,
2023-12-07,3073.63,3065.93,3084.5,3041.11,,
2023-12-06,3079.5,3139.89,3146.52,3077.94,,
2023-12-05,3129.33,3102.3,3134.57,3090.31,,
2023-12-04,3114.41,3123.18,3126.55,3096.28,,
2023-12-01,3142.29,3155.87,3162.97,3136.56,,
2023-11-30,3165.79,3176.5,3176.53,3146.53,,
2023-11-29,3173.52,3196.75,3200.33,3173.37,,
2023-11-28,3196.36,3189.16,3197.61,3157.55,,
2023-11-27,3191.05,3220.25,3224.61,3178.2,,
2023-11-24,3217.76,3223.75,3231.77,3203.62,,
2023-11-23,3221.05,3233.09,3238.81,3218.72,,
2023-11-22,3230.65,3221.9,3239.17,3220.37,,
2023-11-21,3218.48,3198.73,3219.11,3193.46,,
2023-11-20,3207.36,3205.73,3216.73,3194.4,,
2023-11-17,3206.34,3172.78,3208.17,3151.95,,
2023-11-16,3189.08,3209.33,3215.93,3184.97,,
2023-11-15,3215.11,3195.43,3221.22,3182.78,,
2023-11-14,3212.39,3236.48,3236.48,3192.32,,
2023-11-13,3248.27,3241.31,3251.74,3235.06,,
2023-11-10,3242.06,3236.03,3246.31,3229.1,,
2023-11-09,3239.92,3241.5,3245.11,3222.34,,
2023-11-08,3245.43,3238.81,3257.32,3233.11,,
2023-11-07,3246.34,3239.98,3246.65,3228.46,,
2023-11-06,3235.11,3207.47,3237.09,3207.1,,
2023-11-03,3208.63,3207.04,3212.81,3182.17,,
2023-11-02,3197.22,3216.92,3228.46,3197.22,,
2023-11-01,3206.52,3192.96,3214.83,3191.34,,
2023-10-31,3200.97,3221.08,3226.88,3176.53,,
2023-10-30,3227.07,3232.82,3246.0,3219.7,,
2023-10-27,3224.18,3219.49,3241.55,3185.84,,
2023-10-26,3223.89,3272.71,3283.49,3221.79,,
2023-10-25,3265.28,3265.18,3269.76,3243.25,,
2023-10-24,3265.01,3256.29,3266.59,3237.08,,
2023-10-23,3263.68,3271.76,3283.8,3248.39,,
2023-10-20,3269.27,3257.85,3269.71,3236.31,,
2023-10-19,3255.16,3245.26,3260.45,3232.16,,
2023-10-18,3249.21,3252.31,3262.54,3225.44,,
2023-10-17,3247.15,3239.37,3252.55,3228.11,,
2023-10-16,3234.78,3204.81,3235.66,3202.94,,
2023-10-13,3192.33,3182.47,3195.23,3176.17,,
2023-10-12,3174.66,3130.04,3178.5,3122.58,,
2023-10-11,3194.12,3174.99,3196.44,3168.29,,
2023-10-10,3177.03,3175.08,3182.08,3162.61,,
2023-10-09,3174.02,3166.21,3185.86,3164.63,,
2023-10-06,3144.89,3138.87,3145.01,3121.0,,
2023-10-05,3131.76,3126.71,3138.5,3112.96,,
2023-10-04,3134.25,3138.62,3154.97,3130.03,,
2023-10-03,3143.88,3134.45,3146.33,3103.63,,
2023-10-02,3132.33,3141.69,3162.53,3125.58,,
2023-09-29,3133.26,3121.07,3141.12,3106.97,,
2023-09-28,3108.07,3080.81,3108.07,3076.64,,
2023-09-27,3067.61,3053.37,3081.41,3052.59,,
2023-09-26,3051.91,3034.23,3051.91,3001.92,,
2023-09-25,3045.39,3051.85,3056.23,3025.89,,
2023-09-22,3049.07,3009.87,3051.69,2988.04,,
2023-09-21,3019.22,3058.2,3062.68,3009.89,,
2023-09-20,3068.15,3061.18,3091.05,3013.75,,
2023-09-19,3083.85,3134.37,3141.38,3054.25,,
2023-09-18,3135.18,3165.06,3177.23,3127.37,,
2023-09-15,3152.53,3126.57,3155.45,3116.72,,
2023-09-14,3139.49,3144.29,3148.5,3072.82,,
2023-09-13,3148.32,3189.08,3191.57,3148.32,,
2023-09-12,3165.92,3118.14,3165.92,3117.7,,
2023-09-11,3122.37,3145.26,3153.61,3106.92,,
2023-09-08,3142.88,3178.44,3188.77,3114.39,,
2023-09-07,3169.07,3247.9,3262.73,3145.25,,
2023-09-06,3245.47,3270.84,3270.84,3236.79,,
2023-09-05,3264.43,3273.39,3287.34,3246.46,,
2023-09-04,3268.97,3242.49,3268.97,3242.4,,
2023-09-01,3231.35,3230.53,3232.92,3214.95,,
2023-08-31,3227.99,3218.48,3234.68,3211.94,,
2023-08-30,3212.68,3214.11,3220.85,3193.18,,
2023-08-29,3211.36,3205.06,3218.4,3191.31,,
2023-08-28,3198.72,3161.36,3202.24,3161.36,,
2023-08-25,3157.33,3150.03,3158.61,3132.07,,
2023-08-24,3137.37,3117.02,3137.37,3108.17,,
2023-08-23,3146.2,3180.39,3184.17,3113.24,,
2023-08-22,3164.25,3146.42,3172.3,3124.19,,
2023-08-21,3139.93,3139.29,3150.61,3122.37,,
2023-08-18,3111.22,3077.78,3111.22,3058.01,,
2023-08-17,3059.02,3069.81,3076.31,3031.73,,
2023-08-16,3049.46,3109.46,3122.34,3015.57,,
2023-08-15,3115.25,3083.32,3163.74,3068.66,,
2023-08-14,3131.0,3186.47,3225.78,3117.31,,
2023-08-11,3155.51,3158.59,3163.47,3138.04,,
2023-08-10,3148.86,3122.06,3148.86,3115.85,,
2023-08-09,3099.52,3106.03,3120.25,3083.77,,
2023-08-08,3085.31,3077.63,3092.54,3026.72,,
2023-08-07,3084.08,3120.54,3153.6,3084.08,,
2023-08-04,3092.44,3158.53,3194.83,3073.69,,
2023-08-03,3147.8,3111.7,3150.28,3094.27,,
2023-08-02,3106.46,3096.72,3123.45,3080.63,,
2023-08-01,3093.64,3085.97,3114.56,3055.25,,
2023-07-31,3073.5,3026.93,3073.5,3026.93,,
2023-07-28,3008.61,2986.35,3008.61,2978.12,,
2023-07-27,2987.85,2975.52,2992.47,2975.52,,
2023-07-26,2970.42,2974.21,2982.47,2954.9,,
2023-07-25,2975.36,2948.87,2975.36,2943.74,,
2023-07-24,2937.47,2929.23,2947.17,2925.1,,
2023-07-21,2923.54,2890.45,2925.54,2889.78,,
2023-07-20,2917.48,2947.08,2947.29,2905.02,,
2023-07-19,2943.43,2959.41,2966.72,2938.66,,
2023-07-18,2954.52,2923.69,2955.81,2922.74,,
2023-07-17,2917.61,2889.09,2917.72,2880.11,,
2023-07-14,2902.72,2882.96,2902.72,2874.44,,
2023-07-13,2885.63,2899.98,2912.15,2873.0,,
2023-07-12,2896.83,2870.61,2897.28,2870.61,,
2023-07-11,2860.33,2865.64,2867.36,2851.01,,
2023-07-10,2856.76,2838.85,2864.32,2838.52,,
2023-07-07,2832.51,2823.89,2832.82,2814.38,,
2023-07-06,2819.6,2816.74,2837.49,2813.38,,
2023-07-05,2805.0,2795.4,2813.76,2795.4,,
2023-07-04,2808.22,2798.02,2808.22,2776.79,,
2023-07-03,2793.93,2795.58,2804.93,2790.81,,
2023-06-30,2797.37,2796.0,2800.12,2779.61,,
2023-06-29,2796.41,2790.27,2804.8,2783.53,,
2023-06-28,2780.92,2781.1,2787.52,2766.93,,
2023-06-27,2776.63,2759.61,2785.33,2743.07,,
2023-06-26,2757.13,2771.52,2784.28,2741.33,,
2023-06-23,2795.06,2790.04,2795.06,2767.82,,
2023-06-22,2815.83,2817.3,2820.43,2805.92,,
2023-06-21,2819.3,2808.87,2821.88,2794.68,,
2023-06-20,2803.69,2810.14,2814.72,2778.0,,
2023-06-19,2815.07,2808.04,2816.57,2783.69,,
2023-06-16,2800.79,2809.28,2813.74,2783.71,,
2023-06-15,2800.17,2776.77,2809.42,2764.89,,
2023-06-14,2765.18,2777.2,2786.06,2758.35,,
2023-06-13,2757.28,2715.31,2757.28,2715.15,,
2023-06-09,2708.04,2717.2,2721.84,2705.24,,
2023-06-08,2709.69,2693.6,2709.69,2688.31,,
2023-06-07,2694.69,2690.94,2711.72,2674.11,,
2023-06-06,2681.25,2667.76,2687.41,2628.0,,
2023-06-05,2694.14,2726.17,2738.82,2679.3,,
2023-06-02,2719.48,2684.59,2720.47,2684.59,,
2023-06-01,2721.73,2720.21,2729.97,2709.33,,
2023-05-31,2717.64,2698.11,2718.27,2676.27,,
2023-05-30,2698.75,2712.04,2748.6,2687.81,,
2023-05-29,2732.0,2697.46,2732.0,2697.46,,
2023-05-26,2682.03,2650.38,2685.14,2645.54,,
2023-05-25,2649.98,2662.85,2663.51,2631.03,,
2023-05-24,2654.99,2643.73,2659.68,2626.43,,
2023-05-23,2641.66,2641.05,2648.69,2607.63,,
2023-05-22,2633.26,2648.3,2652.97,2622.35,,
2023-05-19,2626.16,2627.59,2635.8,2612.47,,
2023-05-18,2632.91,2650.12,2658.57,2624.49,,
2023-05-17,2634.48,2637.51,2646.61,2623.15,,
2023-05-16,2633.71,2645.94,2655.73,2621.59,,
2023-05-15,2611.07,2581.64,2611.71,2581.64,,
2023-05-12,2565.17,2570.65,2584.91,2552.05,,
2023-05-11,2595.12,2573.41,2610.8,2567.98,,
2023-05-10,2548.63,2483.92,2556.67,2483.79,,
2023-05-08,2527.59,2528.74,2538.23,2513.84,,
2023-05-05,2538.24,2544.47,2555.39,2529.08,,
2023-05-04,2524.51,2524.97,2547.2,2524.36,,
2023-05-03,2532.42,2585.4,2586.17,2532.42,,
2023-05-02,2580.51,2623.29,2635.53,2560.09,,
2023-04-28,2634.94,2653.93,2657.9,2608.02,,
2023-04-27,2646.18,2620.65,2646.18,2617.04,,
2023-04-26,2620.33,2625.62,2631.13,2614.98,,
2023-04-25,2626.86,2639.67,2642.12,2619.67,,
2023-04-24,2635.43,2636.76,2651.8,2609.4,,
2023-04-21,2639.95,2640.99,2648.21,2626.94,,
2023-04-20,2637.85,2600.71,2640.78,2565.61,,
2023-04-19,2606.55,2617.91,2629.01,2584.96,,
2023-04-18,2615.62,2601.34,2615.62,2586.05,,
2023-04-17,2596.11,2572.54,2596.45,2572.54,,
2023-04-14,2554.85,2546.93,2554.85,2532.39,,
2023-04-13,2544.28,2546.98,2557.58,2528.06,,
2023-04-12,2538.47,2538.62,2554.77,2520.65,,
2023-04-11,2533.69,2560.04,2577.51,2515.83,,
2023-04-10,2547.35,2523.2,2548.41,2523.2,,
2023-04-07,2508.39,2504.04,2511.95,2491.37,,
2023-04-06,2498.3,2504.06,2521.81,2498.3,,
2023-04-05,2500.8,2489.18,2500.8,2465.77,,
2023-04-04,2480.45,2483.47,2511.49,2479.24,,
2023-04-03,2473.32,2474.37,2482.54,2463.0,,
2023-03-31,2450.67,2470.12,2472.53,2424.45,,
2023-03-30,2465.93,2458.06,2467.97,2450.46,,
2023-03-29,2460.87,2449.96,2468.48,2437.52,,
2023-03-28,2442.19,2453.26,2458.37,2421.39,,
2023-03-27,2440.68,2400.84,2440.68,2400.84,,
2023-03-24,2391.53,2386.53,2394.03,2384.29,,
2023-03-23,2388.35,2386.7,2396.5,2379.88,,
2023-03-22,2393.88,2387.81,2398.76,2374.46,,
2023-03-21,2398.15,2417.43,2431.23,2383.08,,
2023-03-20,2397.16,2337.83,2397.16,2332.8,,
2023-03-17,2322.78,2284.78,2322.78,2275.48,,
2023-03-16,2258.22,2262.61,2269.01,2236.77,,
2023-03-15,2262.07,2287.16,2295.06,2257.0,,
2023-03-14,2290.32,2266.78,2290.32,2261.65,,
2023-03-13,2269.47,2279.13,2289.7,2250.14,,
2023-03-10,2276.25,2272.61,2283.18,2266.33,,
2023-03-09,2290.14,2295.03,2302.1,2278.95,,
2023-03-07,2295.6,2294.32,2298.93,2281.46,,
2023-03-06,2294.12,2286.2,2297.86,2283.4,,
2023-03-03,2272.2,2250.12,2273.52,2249.81,,
2023-03-02,2254.3,2284.87,2286.27,2235.43,,
2023-03-01,2279.65,2258.89,2287.48,2255.45,,
2023-02-28,2253.16,2246.26,2258.68,2239.59,,
2023-02-27,2241.1,2194.39,2241.1,2188.95,,
2023-02-24,2208.03,2209.1,2223.23,2202.25,,
2023-02-22,2212.4,2215.43,2215.58,2194.99,,
2023-02-21,2212.42,2184.6,2227.82,2184.51,,
2023-02-20,2183.57,2172.53,2186.39,2140.78,,
2023-02-17,2168.88,2157.5,2180.96,2147.31,,
2023-02-16,2153.96,2169.39,2186.64,2150.17,,
2023-02-15,2166.46,2216.69,2216.69,2164.7,,
2023-02-14,2232.23,2256.59,2256.96,2225.94,,
2023-02-13,2264.27,2262.65,2271.0,2261.37,,
2023-02-10,2261.58,2253.51,2264.39,2249.62,,
2023-02-09,2262.45,2258.97,2269.96,2241.02,,
2023-02-08,2251.97,2273.59,2283.49,2244.52,,
2023-02-07,2267.69,2281.69,2290.51,2262.3,,
2023-02-06,2272.37,2245.93,2276.5,2243.77,,
2023-02-03,2248.3,2239.1,2253.7,2216.63,,
2023-02-02,2243.54,2243.04,2249.56,2228.56,,
2023-02-01,2230.15,2232.02,2247.12,2224.95,,
2023-01-31,2225.6,2203.57,2225.6,2202.76,,
2023-01-30,2204.41,2193.99,2204.41,2189.12,,
2023-01-27,2189.35,2174.85,2189.35,2167.33,,
2023-01-26,2166.92,2181.96,2183.77,2166.92,,
2023-01-25,2170.15,2168.48,2176.61,2160.76,,
2023-01-24,2172.75,2191.64,2199.29,2172.75,,
2023-01-23,2185.31,2167.92,2186.85,2164.89,,
2023-01-20,2166.69,2167.61,2173.71,2154.37,,
2023-01-19,2168.83,2190.02,2193.93,2162.11,,
2023-01-18,2196.26,2188.9,2206.66,2177.65,,
2023-01-17,2196.84,2225.26,2226.49,2196.84,,
2023-01-16,2224.9,2204.64,2224.9,2204.46,,
2023-01-13,2199.94,2188.6,2204.18,2179.82,,
2023-01-12,2185.93,2193.53,2194.8,2177.36,,
2023-01-11,2186.98,2156.28,2190.4,2153.55,,
2023-01-10,2159.51,2162.7,2162.92,2145.14,,
2023-01-09,2163.5,2163.43,2169.71,2162.01,,
2023-01-06,2156.39,2157.32,2160.08,2153.32,,
2023-01-05,2156.67,2170.4,2171.94,2154.16,,
2023-01-04,2168.42,2171.54,2179.56,2162.06,,
2023-01-03,2172.68,2157.18,2174.23,2157.18,,
2022-12-30,2154.12,2149.83,2154.47,2139.79,,
2022-12-29,2147.06,2135.91,2149.94,2134.48,,
2022-12-28,2139.77,2150.12,2152.47,2136.68,,
2022-12-27,2150.92,2142.08,2154.35,2138.11,,
2022-12-26,2139.21,2126.4,2139.78,2126.4,,
2022-12-23,2124.02,2121.99,2128.27,2110.59,,
2022-12-22,2122.91,2124.37,2134.48,2114.91,,
2022-12-21,2116.13,2135.41,2139.49,2102.24,,
2022-12-20,2119.37,2071.1,2119.37,2070.58,,
2022-12-19,2129.98,2131.33,2139.07,2109.56,,
2022-12-16,2132.75,2118.43,2135.79,2116.08,,
2022-12-15,2126.8,2151.69,2151.69,2115.21,,
2022-12-14,2159.81,2171.12,2171.31,2154.65,,
2022-12-13,2174.38,2175.29,2177.95,2154.52,,
2022-12-12,2173.16,2178.33,2185.49,2163.33,,
2022-12-09,2177.85,2178.93,2183.97,2169.04,,
2022-12-08,2184.43,2196.17,2197.77,2174.57,,
2022-12-07,2192.88,2185.01,2193.71,2166.77,,
2022-12-06,2196.24,2204.51,2208.36,2184.65,,
2022-12-05,2208.28,2179.79,2210.7,2174.17,,
2022-12-02,2180.44,2189.19,2189.35,2173.48,,
2022-12-01,2187.29,2189.65,2193.41,2183.57,,
2022-11-30,2174.53,2184.27,2184.27,2172.67,,
2022-11-29,2185.32,2180.65,2191.44,2178.34,,
2022-11-28,2177.45,2180.32,2182.16,2163.44,,
2022-11-25,2195.17,2209.31,2211.1,2190.67,,
2022-11-24,2210.95,2214.14,2225.92,2206.12,,
2022-11-23,2211.89,2196.24,2217.4,2180.64,,
2022-11-22,2196.04,2179.76,2200.06,2169.62,,
2022-11-21,2166.31,2204.9,2204.9,2161.35,,
2022-11-18,2206.32,2208.39,2211.7,2189.93,,
2022-11-17,2212.93,2227.54,2235.76,2200.11,,
2022-11-16,2227.19,2199.1,2232.83,2191.95,,
2022-11-15,2223.26,2249.22,2254.94,2211.19,,
2022-11-14,2244.77,2230.8,2245.9,2221.31,,
2022-11-11,2217.44,2221.68,2224.97,2204.33,,
2022-11-10,2210.02,2167.96,2211.21,2161.57,,
2022-11-09,2166.56,2201.06,2205.92,2166.42,,
2022-11-08,2207.2,2213.39,2221.13,2188.22,,
2022-11-07,2208.78,2176.33,2208.78,2172.34,,
2022-11-03,2155.92,2145.54,2156.78,2123.32,,
2022-11-02,2173.84,2178.25,2184.89,2160.56,,
2022-11-01,2174.35,2179.15,2185.6,2161.18,,
2022-10-31,2166.61,2173.0,2184.38,2155.75,,
2022-10-28,2167.7,2154.28,2171.88,2130.75,,
2022-10-27,2164.64,2133.81,2164.64,2123.57,,
2022-10-26,2120.58,2131.18,2144.56,2093.12,,
2022-10-25,2130.65,2066.28,2130.65,2058.09,,
2022-10-24,2063.95,2070.36,2088.31,2048.37,,
2022-10-21,2043.71,2026.44,2049.0,2000.68,,
2022-10-20,2025.51,1998.74,2032.58,1991.09,,
2022-10-19,1978.4,1986.67,2006.06,1953.74,,
2022-10-18,2032.4,2031.56,2039.67,1999.38,,
2022-10-17,2012.85,1958.18,2013.61,1955.7,,
2022-10-14,1950.98,1963.38,1965.77,1933.29,,
2022-10-13,1955.2,1950.24,1975.84,1941.18,,
2022-10-12,1951.65,1965.39,1974.59,1937.93,,
2022-10-11,1949.46,1928.74,1952.8,1909.11,,
2022-10-10,1916.97,1783.66,1917.91,1775.04,,
2022-10-07,1944.75,2012.95,2012.95,1939.54,,
2022-10-06,2020.63,2027.3,2053.86,2015.09,,
2022-10-05,2029.88,2041.5,2045.62,1971.91,,
2022-10-04,2046.42,2071.19,2079.67,2016.59,,
2022-10-03,2041.96,1991.88,2047.54,1972.43,,
2022-09-30,1957.31,1977.75,2005.21,1872.95,,
2022-09-29,1953.77,1998.24,2005.8,1917.62,,
2022-09-28,1963.86,1978.89,2018.99,1948.25,,
2022-09-27,1953.46,1930.58,1975.32,1904.24,,
2022-09-26,1933.35,2054.56,2054.56,1841.42,,
2022-09-23,2089.87,2192.11,2192.68,2071.37,,
2022-09-22,2190.87,2138.39,2216.85,2138.39,,
2022-09-21,2130.71,2052.89,2186.43,2002.73,,
2022-09-20,2215.67,2430.53,2436.3,2171.92,,
2022-09-19,2430.54,2436.48,2453.03,2427.19,,
2022-09-16,2435.18,2446.09,2469.02,2427.68,,
2022-09-15,2446.59,2434.79,2457.02,2418.3,,
2022-09-14,2435.89,2439.96,2439.96,2400.14,,
2022-09-13,2446.89,2459.75,2465.55,2438.8,,
2022-09-12,2449.65,2419.77,2465.22,2413.55,,
2022-09-09,2426.06,2391.69,2426.81,2391.69,,
2022-09-08,2390.27,2397.59,2407.39,2378.3,,
2022-09-07,2401.57,2422.88,2436.64,2394.56,,
2022-09-06,2425.33,2487.76,2492.15,2382.24,,
2022-09-05,2488.44,2472.1,2488.44,2440.88,,
2022-09-02,2471.45,2443.76,2474.71,2431.54,,
2022-09-01,2445.77,2401.98,2448.5,2380.01,,
2022-08-31,2400.08,2377.02,2423.12,2368.42,,
2022-08-30,2306.62,2299.28,2314.53,2292.44,,
2022-08-29,2296.33,2267.43,2296.33,2263.99,,
2022-08-26,2268.89,2248.98,2268.89,2239.66,,
2022-08-25,2246.34,2249.39,2266.18,2234.87,,
2022-08-24,2248.22,2263.57,2273.65,2243.08,,
2022-08-23,2260.08,2230.74,2261.59,2230.74,,
2022-08-22,2228.11,2193.29,2231.22,2187.04,,
2022-08-19,2195.16,2199.6,2199.6,2179.56,,
2022-08-18,2194.31,2188.42,2197.92,2176.02,,
2022-08-17,2188.56,2213.43,2225.05,2186.86,,
2022-08-16,2208.33,2172.4,2208.33,2168.06,,
2022-08-15,2165.12,2147.76,2165.75,2139.45,,
2022-08-12,2147.33,2133.93,2150.9,2117.08,,
2022-08-11,2133.11,2157.17,2174.9,2128.38,,
2022-08-10,2151.5,2138.81,2158.87,2128.59,,
2022-08-09,2136.8,2090.37,2136.8,2071.72,,
2022-08-08,2088.4,2106.5,2119.41,2086.98,,
2022-08-05,2054.29,2120.13,2124.6,2052.08,,
2022-08-04,2116.58,2126.39,2137.83,2111.87,,
2022-08-03,2123.92,2138.76,2156.54,2123.92,,
2022-08-02,2137.3,2176.57,2178.81,2137.3,,
2022-08-01,2180.09,2213.75,2220.73,2178.98,,
2022-07-29,2213.81,2187.67,2213.81,2181.07,,
2022-07-28,2189.16,2204.01,2213.21,2169.21,,
2022-07-27,2196.22,2198.96,2220.82,2184.71,,
2022-07-26,2192.42,2135.89,2192.42,2135.89,,
2022-07-25,2128.96,2099.81,2132.75,2090.22,,
2022-07-22,2096.75,2056.16,2099.68,2053.2,,
2022-07-21,2053.64,2075.99,2075.99,2022.16,,
2022-07-20,2075.24,2076.24,2098.92,2067.37,,
2022-07-19,2071.28,2089.28,2089.28,2047.33,,
2022-07-18,2096.42,2119.02,2127.96,2083.01,,
2022-07-15,2109.52,2069.02,2109.52,2056.82,,
2022-07-14,2063.3,2073.79,2105.61,2049.44,,
2022-07-13,2073.68,2138.14,2142.51,2064.58,,
2022-07-12,2133.77,2160.74,2160.74,2105.26,,
2022-07-11,2162.34,2213.55,2224.35,2156.36,,
2022-07-08,2222.51,2225.02,2234.55,2202.52,,
2022-07-07,2226.65,2221.02,2239.59,2206.16,,
2022-07-06,2221.88,2227.02,2273.24,2214.04,,
2022-07-05,2226.64,2214.39,2238.73,2187.57,,
2022-07-04,2204.66,2208.7,2240.83,2197.39,,
2022-07-01,2206.61,2197.9,2237.92,2165.13,,
2022-06-30,2204.85,2380.03,2407.2,2184.71,,
2022-06-29,2378.55,2407.49,2407.49,2370.41,,
2022-06-28,2408.75,2419.15,2419.81,2392.26,,
2022-06-27,2417.06,2387.55,2417.06,2384.32,,
2022-06-24,2391.51,2405.31,2414.02,2372.05,,
2022-06-23,2404.54,2375.6,2404.54,2350.1,,
2022-06-22,2373.52,2348.04,2373.52,2320.87,,
2022-06-21,2358.81,2407.63,2415.59,2357.27,,
2022-06-20,2404.4,2358.26,2404.4,2357.33,,
2022-06-17,2353.98,2373.07,2382.49,2345.4,,
2022-06-16,2369.75,2321.52,2374.24,2317.87,,
2022-06-15,2318.96,2290.76,2320.4,2282.79,,
2022-06-14,2289.75,2280.02,2308.43,2261.26,,
2022-06-10,2285.52,2282.81,2296.1,2273.95,,
2022-06-09,2293.99,2321.57,2323.39,2275.22,,
2022-06-08,2318.85,2296.62,2342.69,2296.62,,
2022-06-07,2291.62,2281.3,2294.4,2239.72,,
2022-06-06,2282.16,2308.35,2321.75,2277.21,,
2022-06-03,2308.03,2341.55,2348.03,2286.82,,
2022-06-02,2340.17,2374.67,2382.23,2337.53,,
2022-06-01,2374.6,2349.84,2385.64,2338.9,,
2022-05-31,2355.75,2400.75,2400.75,2351.74,,
2022-05-30,2400.39,2418.21,2433.04,2376.44,,
2022-05-27,2407.59,2424.7,2439.89,2399.92,,
2022-05-26,2413.06,2348.44,2415.03,2327.29,,
2022-05-25,2340.18,2300.15,2340.18,2291.13,,
2022-05-24,2293.62,2300.11,2317.92,2229.22,,
2022-05-23,2301.85,2379.66,2389.42,2300.77,,
2022-05-20,2373.26,2441.56,2451.02,2365.81,,
2022-05-19,2436.57,2454.36,2454.83,2414.63,,
2022-05-18,2445.3,2438.0,2490.17,2438.0,,
2022-05-17,2424.1,2378.08,2425.17,2371.93,,
2022-05-16,2364.6,2308.2,2379.35,2306.06,,
2022-05-13,2307.5,2309.98,2321.91,2283.1,,
2022-05-12,2297.89,2382.33,2386.16,2283.31,,
2022-05-11,2387.14,2391.91,2414.87,2367.48,,
2022-05-06,2393.03,2405.17,2406.78,2372.52,,
2022-05-05,2404.8,2379.04,2412.81,2379.04,,
2022-05-04,2373.16,2444.25,2464.6,2373.16,,
2022-04-29,2445.17,2390.83,2448.52,2390.83,,
2022-04-28,2383.66,2434.86,2505.94,2379.12,,
2022-04-27,2424.28,2326.27,2427.47,2305.47,,
2022-04-26,2318.46,2190.97,2347.92,2190.97,,
2022-04-25,2186.22,2236.32,2237.45,2168.18,,
2022-04-22,2232.23,2271.18,2290.04,2223.73,,
2022-04-21,2271.05,2334.97,2341.21,2260.68,,
2022-04-20,2330.73,2326.03,2374.87,2271.72,,
2022-04-19,2317.46,2342.53,2344.37,2216.61,,
2022-04-18,2342.63,2430.91,2447.58,2338.36,,
2022-04-15,2424.99,2403.16,2431.91,2353.13,,
2022-04-14,2404.73,2530.9,2533.77,2403.86,,
2022-04-13,2528.42,2546.64,2558.86,2517.44,,
2022-04-12,2540.99,2559.22,2570.78,2472.28,,
2022-04-11,2557.16,2596.17,2623.64,2557.16,,
2022-04-08,2592.72,2649.16,2656.72,2554.72,,
2022-04-07,2635.39,2618.26,2653.85,2618.26,,
2022-04-06,2611.43,2641.79,2696.97,2594.95,,
2022-04-05,2662.79,2796.56,2808.27,2576.34,,
2022-04-04,2787.69,2775.06,2835.46,2682.34,,
2022-04-01,2759.64,2714.62,2817.72,2714.62,,
2022-03-31,2703.51,2535.32,2703.51,2533.39,,
2022-03-30,2513.03,2437.92,2513.03,2437.92,,
2022-03-29,2408.49,2442.43,2538.2,2363.62,,
2022-03-28,2430.7,2479.49,2484.57,2407.2,,
2022-03-25,2484.13,2620.62,2664.74,2470.69,,
2022-03-24,2578.51,2474.52,2761.17,2447.68,,
2022-02-25,2470.48,2261.33,2552.46,2256.09,,
2022-02-24,2058.12,2735.88,2740.31,1681.55,,
2022-02-22,3084.74,2909.4,3113.4,2756.46,,
2022-02-21,3036.88,3458.73,3460.42,2910.49,,
2022-02-18,3393.31,3547.04,3565.52,3371.05,,
2022-02-17,3511.08,3588.27,3595.12,3498.2,,
2022-02-16,3646.41,3682.94,3683.95,3608.01,,
2022-02-15,3600.29,3532.0,3614.15,3514.98,,
2022-02-14,3481.38,3442.82,3524.87,3404.35,,
2022-02-11,3546.62,3579.69,3596.74,3514.12,,
2022-02-10,3655.76,3628.51,3655.76,3592.75,,
2022-02-09,3638.93,3593.0,3638.93,3580.45,,
2022-02-08,3551.65,3497.18,3551.65,3487.64,,
2022-02-07,3470.78,3511.39,3521.26,3437.93,,
2022-02-04,3471.01,3499.32,3556.32,3464.14,,
2022-02-03,3471.18,3498.76,3519.23,3446.65,,
2022-02-02,3543.8,3574.87,3580.22,3516.17,,
2022-02-01,3548.17,3564.55,3584.71,3531.35,,
2022-01-31,3530.38,3524.11,3566.05,3518.55,,
2022-01-28,3488.6,3508.57,3534.4,3446.01,,
2022-01-27,3455.93,3296.47,3525.94,3284.49,,
2022-01-26,3357.66,3341.71,3412.15,3276.06,,
2022-01-25,3258.74,3316.98,3330.9,3229.45,,
2022-01-24,3235.28,3426.19,3426.47,3158.46,,
2022-01-21,3439.25,3420.12,3503.84,3407.27,,
2022-01-20,3516.02,3519.02,3533.61,3403.74,,
2022-01-19,3436.82,3290.31,3500.27,3256.6,,
2022-01-18,3328.94,3527.77,3534.56,3297.12,,
2022-01-17,3560.35,3633.01,3651.36,3501.94,,
2022-01-14,3596.98,3703.9,3723.62,3512.03,,
2022-01-13,3674.73,3814.98,3818.97,3664.48,,
2022-01-12,3829.95,3797.31,3841.72,3783.92,,
2022-01-11,3785.29,3764.56,3800.91,3751.45,,
2022-01-10,3738.68,3798.43,3806.84,3726.73,,
2022-01-07,3772.04,3772.04,3772.04,3772.04,,
2022-01-06,3753.29,3758.68,3784.17,3720.17,,
2022-01-05,3815.05,3857.9,3875.25,3805.06,,
2022-01-04,3873.49,3880.2,3892.33,3846.81,,
2022-01-03,3852.5,3825.3,3866.15,3823.5,,
2021-12-30,3787.26,3753.92,3789.61,3740.93,,
2021-12-29,3741.07,3756.54,3770.09,3727.35,,
2021-12-28,3777.56,3766.5,3790.44,3751.0,,
2021-12-27,3740.63,3711.77,3742.12,3709.19,,
2021-12-24,3702.72,3700.34,3703.72,3653.63,,
2021-12-23,3704.6,3745.52,3751.37,3691.04,,
2021-12-22,3746.75,3715.2,3759.67,3699.06,,
2021-12-21,3693.02,3705.33,3713.68,3670.16,,
2021-12-20,3669.05,3657.65,3674.71,3629.61,,
2021-12-17,3723.27,3725.04,3739.59,3696.5,,
2021-12-16,3750.36,3705.57,3755.07,3701.35,,
2021-12-15,3621.82,3653.16,3666.53,3608.6,,
2021-12-14,3619.39,3533.82,3638.49,3532.29,,
2021-12-13,3618.31,3790.1,3794.52,3613.88,,
2021-12-10,3760.23,3806.97,3814.06,3760.23,,
2021-12-09,3813.29,3801.67,3847.76,3780.3,,
2021-12-08,3773.61,3904.84,3915.65,3773.61,,
2021-12-07,3873.2,3860.83,3880.84,3810.03,,
2021-12-06,3810.1,3937.15,3938.1,3800.76,,
2021-12-03,3913.06,3967.88,3977.16,3905.38,,
2021-12-02,3947.54,3940.09,3972.85,3914.43,,
2021-12-01,3959.29,3907.17,3962.22,3900.16,,
2021-11-30,3890.59,3828.25,3902.72,3827.55,,
2021-11-29,3879.54,3872.19,3928.52,3846.12,,
2021-11-26,3810.98,3852.99,3876.13,3810.75,,
2021-11-25,3947.82,3964.25,3990.95,3932.55,,
2021-11-24,3950.56,4001.89,4021.25,3913.39,,
2021-11-23,3960.33,3832.33,3974.76,3776.61,,
2021-11-22,3872.77,4008.13,4017.02,3872.77,,
2021-11-19,4016.47,4121.74,4127.0,4000.26,,
2021-11-18,4093.85,4120.81,4150.57,4082.17,,
2021-11-17,4149.02,4120.23,4149.02,4101.96,,
2021-11-16,4120.02,4147.69,4158.31,4094.15,,
2021-11-15,4135.14,4121.5,4162.02,4111.04,,
2021-11-12,4121.66,4181.7,4181.7,4089.32,,
2021-11-11,4189.35,4141.62,4189.35,4126.52,,
2021-11-10,4172.47,4192.62,4196.22,4151.6,,
2021-11-09,4187.33,4207.59,4225.82,4181.75,,
2021-11-08,4218.27,4203.65,4220.88,4188.59,,
2021-11-05,4174.76,4179.03,4181.87,4159.92,,
2021-11-03,4184.87,4192.14,4192.14,4158.17,,
2021-11-02,4207.53,4235.89,4245.32,4196.75,,
2021-11-01,4221.49,4155.24,4224.51,4155.24,,
2021-10-29,4150.0,4186.35,4186.7,4116.29,,
2021-10-28,4189.66,4210.78,4220.23,4157.39,,
2021-10-27,4229.53,4216.76,4234.99,4190.68,,
2021-10-26,4235.87,4254.59,4259.83,4233.8,,
2021-10-25,4254.98,4216.43,4254.98,4184.74,,
2021-10-22,4196.96,4218.5,4246.22,4196.96,,
2021-10-21,4218.63,4276.94,4282.46,4214.82,,
2021-10-20,4287.52,4284.91,4290.99,4258.14,,
2021-10-19,4276.26,4256.24,4279.2,4235.81,,
2021-10-18,4248.33,4254.91,4257.83,4225.42,,
2021-10-15,4261.82,4278.51,4282.15,4247.79,,
2021-10-14,4259.13,4280.76,4292.68,4259.13,,
2021-10-13,4243.92,4260.44,4260.44,4189.91,,
2021-10-12,4263.8,4259.03,4275.6,4250.03,,
2021-10-11,4279.87,4259.38,4284.53,4247.2,,
2021-10-08,4238.0,4233.58,4254.36,4216.72,,
2021-10-07,4228.02,4222.78,4239.14,4179.39,,
2021-10-06,4171.71,4263.87,4267.29,4163.62,,
2021-10-05,4223.85,4129.53,4225.16,4129.53,,
2021-10-04,4112.72,4106.89,4131.39,4100.85,,
2021-10-01,4086.99,4078.59,4104.78,4065.4,,
2021-09-30,4103.52,4079.46,4106.72,4064.5,,
2021-09-29,4058.37,4045.16,4076.61,4038.06,,
2021-09-28,4065.46,4109.66,4112.31,4050.95,,
2021-09-27,4081.22,4069.55,4083.61,4061.71,,
2021-09-24,4038.23,4055.37,4057.09,4017.2,,
2021-09-23,4052.14,4051.36,4058.15,4020.5,,
2021-09-22,4030.98,4001.79,4032.38,3999.82,,
2021-09-21,3970.48,3980.02,3994.56,3962.05,,
2021-09-20,3969.61,3988.45,3991.39,3955.19,,
2021-09-17,4035.17,4043.51,4054.38,4013.62,,
2021-09-16,4045.1,4069.19,4073.72,4028.08,,
2021-09-15,4065.53,4059.08,4081.98,4049.69,,
2021-09-14,4055.7,4051.81,4061.99,4037.23,,
2021-09-13,4041.16,4012.97,4041.83,4001.63,,
2021-09-10,4002.66,3993.53,4008.56,3987.53,,
2021-09-09,3993.56,4007.82,4009.66,3982.6,,
2021-09-08,4017.37,4015.35,4030.72,3984.64,,
2021-09-07,4010.16,4036.41,4043.51,4004.9,,
2021-09-06,4028.25,4004.61,4028.25,4003.49,,
2021-09-03,4001.7,3976.62,4001.7,3964.22,,
2021-09-02,3990.77,3983.68,3994.77,3968.06,,
2021-09-01,3971.02,3924.32,3972.68,3924.32,,
2021-08-31,3918.96,3934.1,3938.68,3904.72,,
2021-08-30,3928.5,3900.96,3928.5,3900.96,,
2021-08-27,3887.38,3864.11,3887.38,3844.49,,
2021-08-26,3851.57,3876.99,3876.99,3838.63,,
2021-08-25,3886.64,3891.8,3895.62,3868.64,,
2021-08-24,3888.87,3897.56,3904.99,3864.37,,
2021-08-23,3883.01,3861.99,3884.51,3856.21,,
2021-08-20,3832.7,3868.79,3871.43,3826.27,,
2021-08-19,3853.98,3883.2,3883.42,3841.15,,
2021-08-18,3925.17,3948.43,3949.07,3912.24,,
2021-08-17,3943.01,3893.85,3944.37,3893.44,,
2021-08-16,3895.31,3862.32,3896.96,3855.62,,
2021-08-13,3873.0,3882.62,3895.05,3866.67,,
2021-08-12,3888.86,3879.01,3897.92,3877.23,,
2021-08-11,3877.37,3875.23,3886.78,3856.61,,
2021-08-10,3862.32,3847.12,3867.09,3843.42,,
2021-08-09,3835.11,3795.48,3839.72,3790.63,,
2021-08-06,3805.36,3836.49,3837.35,3802.44,,
2021-08-05,3833.75,3803.91,3833.81,3801.16,,
2021-08-04,3810.62,3808.44,3814.63,3795.75,,
2021-08-03,3793.69,3782.41,3797.3,3771.8,,
2021-08-02,3788.1,3791.22,3801.24,3781.43,,
2021-07-30,3771.58,3789.33,3793.4,3759.83,,
2021-07-29,3804.33,3794.4,3806.83,3789.57,,
2021-07-28,3782.28,3747.25,3782.28,3743.46,,
2021-07-27,3733.1,3756.79,3762.89,3733.1,,
2021-07-26,3750.1,3724.2,3755.52,3710.14,,
2021-07-23,3734.54,3760.33,3767.4,3724.74,,
2021-07-22,3754.44,3746.35,3758.58,3724.29,,
2021-07-21,3722.96,3718.92,3738.33,3701.95,,
2021-07-20,3704.4,3707.23,3719.09,3679.44,,
2021-07-19,3693.42,3743.97,3744.27,3679.79,,
2021-07-16,3770.15,3795.03,3812.49,3756.01,,
2021-07-15,3799.97,3826.45,3832.5,3789.31,,
2021-07-14,3832.85,3851.16,3862.73,3829.59,,
2021-07-13,3877.03,3888.32,3891.54,3852.54,,
2021-07-12,3875.61,3864.26,3882.6,3848.45,,
2021-07-09,3855.31,3865.62,3874.96,3850.57,,
2021-07-08,3861.08,3882.15,3883.47,3839.4,,
2021-07-07,3895.1,3881.88,3912.39,3879.72,,
2021-07-06,3884.3,3896.82,3915.0,3878.39,,
2021-07-05,3882.59,3874.81,3882.59,3863.09,,
2021-07-02,3865.42,3853.81,3877.23,3843.9,,
2021-07-01,3858.32,3843.28,3879.5,3843.16,,
2021-06-30,3841.85,3799.42,3847.3,3779.28,,
2021-06-29,3790.85,3817.72,3821.59,3768.24,,
2021-06-28,3825.57,3833.72,3852.83,3822.81,,
2021-06-25,3831.84,3818.97,3833.32,3805.7,,
2021-06-24,3823.44,3833.73,3839.64,3800.5,,
2021-06-23,3837.15,3836.12,3847.22,3820.5,,
2021-06-22,3821.68,3831.61,3835.86,3809.71,,
2021-06-21,3813.45,3797.23,3816.85,3785.49,,
2021-06-18,3802.95,3809.99,3813.5,3775.82,,
2021-06-17,3819.07,3807.32,3832.61,3801.98,,
2021-06-16,3829.67,3821.45,3836.91,3803.54,,
2021-06-15,3822.4,3864.36,3865.2,3819.64,,
2021-06-14,3860.18,3845.81,3862.39,3842.75,,
2021-06-11,3841.53,3838.98,3849.32,3828.62,,
2021-06-10,3827.71,3835.21,3847.89,3822.01,,
2021-06-09,3843.28,3821.8,3843.41,3805.82,,
2021-06-08,3807.43,3819.52,3833.17,3799.07,,
2021-06-07,3822.21,3807.96,3827.66,3793.96,,
2021-06-04,3807.43,3805.94,3816.24,3766.62,,
2021-06-03,3805.45,3833.77,3837.73,3777.98,,
2021-06-02,3817.68,3771.32,3817.68,3769.47,,
2021-06-01,3764.59,3739.57,3784.59,3739.57,,
2021-05-31,3721.63,3713.99,3731.27,3713.99,,
2021-05-28,3730.55,3750.46,3752.8,3724.52,,
2021-05-27,3738.68,3708.77,3738.68,3694.59,,
2021-05-26,3711.05,3695.29,3717.33,3694.13,,
2021-05-25,3686.76,3682.42,3693.39,3672.27,,
2021-05-24,3662.51,3665.96,3674.77,3651.09,,
2021-05-21,3660.48,3637.5,3667.87,3620.6,,
2021-05-20,3636.16,3650.07,3658.27,3603.4,,
2021-05-19,3634.76,3693.82,3693.82,3619.54,,
2021-05-18,3687.96,3670.16,3700.19,3670.1,,
2021-05-17,3639.61,3645.13,3658.78,3618.75,,
2021-05-14,3637.6,3654.73,3659.34,3623.72,,
2021-05-13,3637.38,3634.18,3647.27,3600.8,,
2021-05-12,3654.14,3659.63,3674.35,3643.22,,
2021-05-11,3652.05,3644.29,3658.81,3625.97,,
2021-05-10,3694.78,3684.18,3713.49,3675.13,,
2021-05-07,3682.69,3678.19,3688.81,3667.77,,
2021-05-06,3658.27,3636.71,3661.28,3634.45,,
2021-05-05,3643.56,3602.17,3644.15,3600.88,,
2021-05-04,3577.21,3557.62,3594.69,3556.08,,
2021-04-30,3544.0,3574.03,3584.64,3536.53,,
2021-04-29,3571.05,3609.38,3616.95,3565.58,,
2021-04-28,3578.12,3608.89,3613.11,3558.24,,
2021-04-27,3600.6,3615.57,3627.91,3586.39,,
2021-04-26,3610.98,3603.13,3613.37,3589.27,,
2021-04-23,3597.17,3598.76,3600.18,3579.25,,
2021-04-22,3600.35,3576.69,3607.75,3557.88,,
2021-04-21,3561.72,3554.83,3572.63,3545.15,,
2021-04-20,3552.41,3581.37,3596.19,3536.41,,
2021-04-19,3574.08,3598.47,3605.49,3565.39,,
2021-04-16,3598.44,3578.01,3598.44,3564.97,,
2021-04-15,3568.51,3532.13,3578.77,3527.5,,
2021-04-14,3576.89,3567.53,3576.89,3546.86,,
2021-04-13,3526.3,3533.3,3542.63,3511.23,,
2021-04-12,3522.65,3476.51,3541.7,3472.37,,
2021-04-09,3486.03,3510.2,3511.27,3480.85,,
2021-04-08,3507.83,3513.21,3528.39,3495.34,,
2021-04-07,3500.34,3484.22,3518.13,3460.39,,
2021-04-06,3493.89,3536.26,3541.04,3484.84,,
2021-04-05,3524.93,3555.24,3555.83,3516.22,,
2021-04-02,3558.22,3553.89,3564.31,3538.01,,
2021-04-01,3527.54,3556.28,3576.79,3526.22,,
2021-03-31,3541.72,3525.56,3542.0,3510.4,,
2021-03-30,3525.23,3535.72,3549.09,3504.06,,
2021-03-29,3529.33,3500.41,3535.21,3498.62,,
2021-03-26,3489.83,3476.01,3500.74,3476.01,,
2021-03-25,3439.3,3477.87,3479.83,3434.84,,
2021-03-24,3485.33,3459.99,3489.96,3445.92,,
2021-03-23,3467.21,3481.11,3483.34,3450.98,,
2021-03-22,3489.07,3479.06,3498.17,3469.09,,
2021-03-19,3475.26,3473.84,3495.98,3448.99,,
2021-03-18,3504.85,3533.69,3551.3,3494.99,,
2021-03-17,3507.91,3579.06,3587.24,3498.17,,
2021-03-16,3589.83,3600.68,3602.18,3544.29,,
2021-03-15,3584.49,3562.69,3596.31,3558.62,,
2021-03-12,3539.5,3515.44,3539.5,3502.37,,
2021-03-11,3508.51,3481.26,3508.51,3472.4,,
2021-03-10,3463.06,3476.91,3514.35,3455.42,,
2021-03-09,3478.72,3426.48,3491.12,3426.33,,
2021-03-05,3414.13,3378.68,3432.98,3367.33,,
2021-03-04,3397.56,3403.01,3416.04,3366.76,,
2021-03-03,3416.04,3432.88,3450.76,3408.47,,
2021-03-02,3410.1,3380.35,3418.11,3375.48,,
2021-03-01,3386.16,3369.68,3393.93,3354.09,,
2021-02-26,3346.64,3354.45,3385.74,3332.32,,
2021-02-25,3409.76,3412.16,3429.2,3391.77,,
2021-02-24,3385.48,3426.07,3433.09,3385.01,,
2021-02-22,3433.93,3447.57,3456.26,3415.37,,
2021-02-20,3446.32,3454.43,3455.13,3435.42,,
2021-02-19,3457.68,3398.4,3460.85,3380.89,,
2021-02-18,3400.17,3451.69,3461.15,3395.98,,
2021-02-17,3436.8,3491.81,3505.19,3431.83,,
2021-02-16,3495.26,3502.04,3510.77,3475.58,,
2021-02-15,3481.9,3461.94,3483.34,3455.95,,
2021-02-12,3427.08,3403.07,3427.08,3343.82,,
2021-02-11,3414.32,3405.33,3416.4,3390.22,,
2021-02-10,3399.66,3437.76,3447.05,3393.98,,
2021-02-09,3426.86,3461.15,3466.51,3424.39,,
2021-02-08,3445.9,3412.97,3448.79,3412.97,,
2021-02-05,3392.73,3396.97,3406.22,3368.58,,
2021-02-04,3372.0,3356.23,3384.48,3351.94,,
2021-02-03,3343.46,3351.99,3376.83,3332.5,,
2021-02-02,3360.25,3324.24,3366.13,3321.7,,
2021-02-01,3291.14,3287.96,3305.91,3268.52,,
2021-01-29,3277.08,3335.13,3337.01,3272.53,,
2021-01-28,3342.01,3319.16,3359.1,3307.42,,
2021-01-27,3343.62,3398.38,3408.64,3333.04,,
2021-01-26,3390.76,3384.99,3408.13,3374.1,,
2021-01-25,3397.48,3399.28,3425.78,3385.74,,
2021-01-22,3382.92,3404.36,3404.36,3362.01,,
2021-01-21,3422.67,3481.74,3489.07,3407.22,,
2021-01-20,3466.8,3453.54,3482.03,3447.81,,
2021-01-19,3443.23,3479.53,3491.93,3439.64,,
2021-01-18,3471.92,3440.56,3475.18,3426.11,,
2021-01-15,3450.95,3486.02,3509.24,3448.54,,
2021-01-14,3490.85,3461.83,3507.71,3439.01,,
2021-01-13,3470.26,3487.92,3504.56,3448.94,,
2021-01-12,3471.65,3494.6,3520.66,3451.87,,
2021-01-11,3482.48,3455.67,3516.9,3436.66,,
2021-01-08,3454.82,3390.23,3474.66,3390.23,,
2021-01-06,3371.03,3373.37,3380.63,3344.43,,
2021-01-05,3359.15,3327.94,3365.32,3301.88,,
2021-01-04,3350.51,3306.12,3350.81,3304.17,,
2020-12-30,3289.02,3276.04,3294.62,3267.39,,
2020-12-29,3274.67,3269.71,3282.23,3264.33,,
2020-12-28,3258.95,3249.41,3267.61,3249.41,,
2020-12-25,3246.35,3236.38,3248.63,3228.74,,
2020-12-24,3236.88,3253.73,3264.6,3230.62,,
2020-12-23,3252.1,3224.02,3255.4,3218.19,,
2020-12-22,3236.46,3179.69,3249.19,3175.51,,
2020-12-21,3186.38,3246.9,3246.9,3170.03,,
2020-12-18,3273.75,3281.59,3283.32,3245.25,,
2020-12-17,3282.67,3277.67,3318.39,3274.45,,
2020-12-16,3269.95,3259.89,3275.68,3242.7,,
2020-12-15,3248.11,3252.68,3284.84,3237.87,,
2020-12-14,3254.83,3293.0,3314.2,3249.36,,
2020-12-11,3276.58,3257.47,3278.24,3248.11,,
2020-12-10,3258.31,3194.03,3258.31,3189.04,,
2020-12-09,3211.66,3184.24,3226.48,3182.54,,
2020-12-08,3179.61,3184.93,3198.1,3150.84,,
2020-12-07,3195.08,3179.14,3208.53,3172.29,,
2020-12-04,3184.72,3171.44,3200.23,3171.44,,
2020-12-03,3162.67,3185.78,3192.98,3141.4,,
2020-12-02,3189.61,3150.66,3189.61,3139.92,,
2020-12-01,3147.79,3113.06,3159.03,3113.06,,
2020-11-30,3107.58,3130.88,3134.79,3093.77,,
2020-11-27,3142.68,3132.55,3150.78,3112.44,,
2020-11-26,3138.62,3141.43,3149.9,3119.46,,
2020-11-25,3134.52,3111.75,3134.71,3089.16,,
2020-11-24,3095.84,3071.8,3098.83,3053.16,,
2020-11-23,3047.06,3066.64,3094.06,3042.61,,
2020-11-20,3051.04,3050.81,3060.91,3035.56,,
2020-11-19,3046.49,3067.06,3071.25,3040.66,,
2020-11-18,3080.68,3046.02,3086.77,3035.57,,
2020-11-17,3052.22,3081.05,3087.19,3027.76,,
2020-11-16,3079.74,3054.35,3081.28,3046.77,,
2020-11-13,3025.22,3007.16,3027.45,2995.17,,
2020-11-12,3025.83,2997.79,3028.52,2988.03,,
2020-11-11,3015.03,3004.63,3031.69,3004.2,,
2020-11-10,2998.61,2965.92,3013.57,2943.43,,
2020-11-09,2987.75,2919.08,2988.88,2910.42,,
2020-11-06,2895.62,2845.74,2896.07,2832.98,,
2020-11-05,2861.39,2824.45,2869.91,2812.67,,
2020-11-03,2786.42,2753.97,2791.77,2750.26,,
2020-11-02,2737.54,2681.19,2743.98,2658.49,,
2020-10-30,2690.59,2698.94,2706.34,2664.44,,
2020-10-29,2709.04,2704.5,2728.97,2682.68,,
2020-10-28,2693.46,2758.84,2758.84,2680.83,,
2020-10-27,2763.03,2784.13,2790.19,2758.0,,
2020-10-26,2785.59,2812.48,2819.05,2785.59,,
2020-10-23,2816.7,2807.3,2826.53,2799.63,,
2020-10-22,2803.17,2784.18,2814.12,2783.37,,
2020-10-21,2786.23,2811.87,2816.9,2782.36,,
2020-10-20,2803.06,2785.99,2817.73,2774.16,,
2020-10-19,2794.27,2797.65,2809.42,2787.5,,
2020-10-16,2799.54,2819.04,2819.04,2785.85,,
2020-10-15,2817.29,2849.24,2850.11,2803.9,,
2020-10-14,2856.08,2829.88,2857.47,2824.12,,
2020-10-13,2829.23,2846.04,2859.52,2822.97,,
2020-10-12,2846.14,2834.33,2862.36,2827.52,,
2020-10-09,2834.09,2842.59,2842.59,2811.05,,
2020-10-08,2846.39,2850.65,2859.87,2837.05,,
2020-10-07,2842.58,2883.58,2888.2,2838.45,,
2020-10-06,2892.99,2885.38,2906.65,2883.69,,
2020-10-05,2881.98,2860.53,2882.94,2845.63,,
2020-10-02,2852.42,2840.72,2859.01,2824.69,,
2020-10-01,2889.8,2911.08,2919.25,2882.81,,
2020-09-30,2905.81,2908.55,2920.03,2893.8,,
2020-09-29,2910.12,2935.77,2947.75,2889.22,,
2020-09-28,2927.17,2909.62,2938.94,2909.62,,
2020-09-25,2896.83,2912.83,2912.83,2870.16,,
2020-09-24,2912.76,2905.55,2920.46,2880.39,,
2020-09-23,2916.39,2933.33,2968.55,2916.27,,
2020-09-22,2884.66,2874.0,2907.98,2868.38,,
2020-09-21,2863.67,2946.18,2946.18,2857.78,,
2020-09-18,2951.79,2976.1,2977.13,2944.22,,
2020-09-17,2971.74,2947.54,2974.54,2945.78,,
2020-09-16,2975.01,2982.49,2990.74,2960.68,,
2020-09-15,2980.58,2936.42,2982.2,2932.36,,
2020-09-14,2928.38,2918.29,2938.24,2918.29,,
2020-09-11,2910.51,2888.92,2911.71,2874.47,,
2020-09-10,2897.55,2888.09,2897.55,2858.65,,
2020-09-09,2876.07,2880.83,2899.17,2872.92,,
2020-09-08,2888.79,2937.18,2948.88,2875.96,,
2020-09-07,2932.29,2929.38,2947.17,2925.55,,
2020-09-04,2921.55,2920.22,2944.66,2910.39,,
2020-09-03,2931.92,2954.62,2967.61,2917.24,,
2020-09-02,2956.5,2989.76,3002.25,2946.29,,
2020-09-01,2975.0,2976.07,2993.28,2967.96,,
2020-08-31,2966.2,2993.02,3012.44,2962.06,,
2020-08-28,2980.17,3015.7,3015.7,2976.34,,
2020-08-27,3012.01,3051.2,3056.25,3002.1,,
2020-08-26,3051.97,3041.19,3053.9,3024.04,,
2020-08-25,3029.05,3042.58,3051.27,3020.46,,
2020-08-24,3029.42,3005.86,3036.63,3005.86,,
2020-08-21,2995.61,3013.4,3024.71,2973.11,,
2020-08-20,2993.69,3044.92,3044.92,2993.69,,
2020-08-19,3056.54,3048.22,3073.84,3041.43,,
2020-08-18,3050.7,3056.72,3073.85,3048.31,,
2020-08-17,3052.46,3070.81,3090.42,3041.99,,
2020-08-14,3061.99,3075.96,3075.96,3044.71,,
2020-08-13,3080.44,3057.63,3081.15,3047.74,,
2020-08-12,3053.99,2990.9,3053.99,2985.25,,
2020-08-11,3005.63,2959.29,3012.58,2959.29,,
2020-08-10,2960.78,2976.49,2998.78,2960.78,,
2020-08-07,2972.35,2992.26,2994.46,2968.48,,
2020-08-06,2988.5,2998.53,3004.83,2981.79,,
2020-08-05,2992.78,2954.41,2994.08,2952.15,,
2020-08-04,2940.46,2934.91,2942.06,2923.36,,
2020-08-03,2929.97,2917.68,2942.77,2911.19,,
2020-07-31,2911.57,2902.81,2917.69,2899.58,,
2020-07-30,2882.63,2915.94,2919.35,2869.99,,
2020-07-29,2918.42,2893.54,2918.42,2889.69,,
2020-07-28,2895.45,2891.34,2907.03,2877.4,,
2020-07-27,2884.88,2869.69,2896.28,2869.69,,
2020-07-24,2863.12,2835.15,2863.12,2822.26,,
2020-07-23,2851.79,2848.41,2866.78,2843.93,,
2020-07-22,2834.65,2824.5,2844.12,2815.03,,
2020-07-21,2825.71,2814.99,2849.18,2813.4,,
2020-07-20,2802.24,2771.85,2802.24,2758.69,,
2020-07-17,2774.79,2757.04,2774.79,2752.51,,
2020-07-16,2760.01,2741.68,2762.68,2734.3,,
2020-07-15,2747.91,2728.59,2763.2,2724.35,,
2020-07-14,2744.54,2751.98,2752.09,2703.35,,
2020-07-13,2766.79,2805.52,2818.1,2765.09,,
2020-07-10,2800.94,2768.67,2800.94,2765.49,,
2020-07-09,2782.43,2805.85,2810.74,2773.48,,
2020-07-08,2815.83,2815.52,2823.0,2806.5,,
2020-07-07,2825.21,2829.33,2835.76,2814.4,,
2020-07-06,2835.18,2825.88,2855.94,2825.51,,
2020-07-03,2801.66,2789.27,2803.32,2782.65,,
2020-07-02,2788.79,2762.56,2789.92,2758.92,,
2020-06-30,2743.2,2770.69,2778.09,2743.2,,
2020-06-29,2767.95,2749.54,2767.95,2737.86,,
2020-06-26,2761.74,2780.02,2784.89,2746.78,,
2020-06-25,2760.75,2750.08,2771.6,2740.02,,
2020-06-23,2791.97,2773.33,2794.43,2767.46,,
2020-06-22,2763.29,2754.42,2763.29,2726.65,,
2020-06-19,2758.67,2739.04,2769.86,2738.45,,
2020-06-18,2724.33,2734.84,2738.04,2700.54,,
2020-06-17,2740.1,2758.97,2771.26,2733.9,,
2020-06-16,2748.3,2745.49,2779.71,2741.84,,
2020-06-15,2719.06,2705.64,2720.4,2670.41,,
2020-06-11,2743.8,2756.98,2758.83,2726.15,,
2020-06-10,2785.18,2795.1,2803.35,2768.3,,
2020-06-09,2795.9,2804.36,2813.48,2765.15,,
2020-06-08,2796.3,2806.81,2825.31,2782.92,,
2020-06-05,2792.74,2780.32,2800.81,2769.51,,
2020-06-04,2766.26,2822.59,2825.48,2757.61,,
2020-06-03,2831.08,2812.82,2835.06,2792.24,,
2020-06-02,2796.51,2760.63,2796.52,2754.85,,
2020-06-01,2750.24,2761.23,2773.56,2733.28,,
2020-05-29,2734.83,2766.62,2766.62,2717.8,,
2020-05-28,2779.98,2748.03,2781.25,2737.94,,
2020-05-27,2741.02,2748.25,2780.05,2711.9,,
2020-05-26,2754.04,2777.72,2796.85,2750.51,,
2020-05-25,2757.93,2718.72,2757.93,2718.72,,
2020-05-22,2709.38,2691.58,2718.48,2687.18,,
2020-05-21,2718.67,2767.97,2794.6,2702.67,,
2020-05-20,2770.79,2706.07,2771.27,2700.64,,
2020-05-19,2711.72,2702.34,2720.06,2683.81,,
2020-05-18,2694.25,2623.61,2694.25,2623.61,,
2020-05-15,2593.91,2616.14,2633.29,2593.91,,
2020-05-14,2590.31,2596.13,2606.95,2564.44,,
2020-05-13,2604.98,2630.79,2630.79,2601.25,,
2020-05-12,2642.04,2635.51,2651.97,2620.35,,
2020-05-08,2641.55,2647.8,2648.45,2613.83,,
2020-05-07,2634.0,2632.87,2664.99,2627.43,,
2020-05-06,2632.1,2659.08,2674.94,2626.68,,
2020-05-05,2653.51,2652.92,2666.38,2634.49,,
2020-05-04,2624.64,2623.89,2641.03,2599.74,,
2020-04-30,2650.56,2683.86,2700.97,2629.57,,
2020-04-29,2663.14,2629.24,2669.47,2617.34,,
2020-04-28,2612.24,2567.74,2644.79,2566.92,,
2020-04-27,2570.91,2570.69,2597.64,2557.81,,
2020-04-24,2562.03,2588.29,2596.97,2551.66,,
2020-04-23,2599.41,2600.28,2620.24,2558.32,,
2020-04-22,2573.41,2474.32,2584.68,2471.23,,
2020-04-21,2488.02,2487.63,2500.18,2431.98,,
2020-04-20,2525.97,2524.31,2546.14,2502.38,,
2020-04-17,2534.97,2550.95,2556.42,2516.87,,
2020-04-16,2515.05,2511.55,2550.84,2468.65,,
2020-04-15,2498.94,2617.19,2617.19,2489.99,,
2020-04-14,2631.83,2649.34,2667.58,2619.91,,
2020-04-13,2628.85,2675.73,2677.9,2610.61,,
2020-04-10,2677.86,2678.3,2680.89,2656.45,,
2020-04-09,2701.77,2693.58,2713.5,2643.98,,
2020-04-08,2670.12,2617.66,2670.12,2603.99,,
2020-04-07,2634.74,2648.74,2688.67,2612.96,,
2020-04-06,2622.59,2597.28,2639.56,2576.28,,
2020-04-03,2572.23,2547.15,2609.16,2533.06,,
2020-04-02,2545.95,2528.72,2562.54,2470.85,,
2020-04-01,2473.61,2465.56,2491.66,2449.01,,
2020-03-31,2508.81,2466.28,2526.13,2459.19,,
2020-03-30,2433.35,2377.21,2435.53,2357.53,,
2020-03-27,2401.11,2491.7,2498.33,2378.88,,
2020-03-26,2489.97,2448.76,2514.92,2403.6,,
2020-03-25,2452.69,2459.3,2518.38,2372.34,,
2020-03-24,2415.97,2349.47,2435.27,2341.21,,
2020-03-23,2253.35,2257.88,2321.76,2213.49,,
2020-03-20,2331.61,2327.27,2418.74,2314.75,,
2020-03-19,2275.7,2134.43,2288.09,2073.87,,
2020-03-18,2112.64,2192.79,2205.41,2097.84,,
2020-03-17,2224.74,2263.62,2313.34,2172.46,,
2020-03-16,2266.9,2297.04,2301.19,2179.12,,
2020-03-13,2316.38,2277.66,2418.15,2275.16,,
2020-03-12,2286.4,2413.02,2413.02,2277.58,,
2020-03-11,2492.88,2532.72,2555.43,2457.36,,
2020-03-10,2498.94,2502.7,2661.63,2435.62,,
2020-03-06,2719.51,2773.53,2782.77,2680.06,,
2020-03-05,2816.7,2852.42,2861.6,2800.43,,
2020-03-04,2828.01,2799.18,2841.13,2779.85,,
2020-03-03,2821.37,2817.58,2844.04,2789.76,,
2020-03-02,2765.77,2829.47,2875.3,2714.36,,
2020-02-28,2785.08,2850.11,2855.32,2744.18,,
2020-02-27,2915.84,2989.18,3002.2,2910.46,,
2020-02-26,3017.42,2994.22,3026.26,2958.46,,
2020-02-25,3002.68,3058.33,3073.27,3002.68,,
2020-02-21,3106.03,3109.86,3129.24,3098.76,,
2020-02-20,3125.1,3120.51,3139.59,3117.5,,
2020-02-19,3114.57,3089.09,3117.84,3086.41,,
2020-02-18,3074.05,3103.71,3104.42,3064.15,,
2020-02-17,3110.06,3097.18,3110.06,3092.45,,
2020-02-14,3096.88,3113.72,3120.89,3084.57,,
2020-02-13,3110.05,3116.99,3122.19,3096.98,,
2020-02-12,3122.27,3103.81,3122.27,3095.7,,
2020-02-11,3097.58,3072.39,3109.22,3069.9,,
2020-02-10,3062.41,3088.63,3092.93,3049.33,,
2020-02-07,3087.63,3101.08,3108.28,3056.85,,
2020-02-06,3096.68,3132.84,3145.15,3086.91,,
2020-02-05,3114.25,3105.52,3137.97,3083.26,,
2020-02-04,3097.6,3082.2,3105.98,3071.79,,
2020-02-03,3070.84,3062.27,3085.89,3058.48,,
2020-01-31,3076.65,3133.4,3143.29,3076.65,,
2020-01-30,3108.58,3108.38,3121.54,3096.31,,
2020-01-29,3128.8,3125.91,3140.77,3115.64,,
2020-01-28,3113.1,3097.71,3115.62,3068.67,,
2020-01-27,3085.16,3123.71,3123.71,3076.68,,
2020-01-24,3146.2,3147.28,3165.86,3134.7,,
2020-01-23,3141.2,3162.68,3170.41,3135.15,,
2020-01-22,3174.62,3212.91,3222.93,3174.62,,
2020-01-21,3209.22,3212.72,3213.38,3185.65,,
2020-01-20,3219.92,3205.64,3226.89,3204.32,,
2020-01-17,3196.88,3161.25,3198.32,3159.23,,
2020-01-16,3157.23,3137.52,3163.2,3137.52,,
2020-01-15,3132.63,3128.38,3148.29,3106.41,,
2020-01-14,3129.77,3155.63,3166.07,3126.0,,
2020-01-13,3151.69,3124.96,3151.69,3117.03,,
2020-01-10,3123.66,3117.24,3130.92,3101.21,,
2020-01-09,3118.08,3105.21,3124.6,3094.85,,
2020-01-08,3110.06,3076.63,3112.01,3071.88,,
2020-01-06,3078.87,3075.55,3079.42,3059.47,,
2020-01-03,3076.37,3059.2,3086.09,3057.36,,
2019-12-30,3045.87,3051.41,3060.2,3042.34,,
2019-12-27,3050.47,3029.12,3054.03,3029.12,,
2019-12-26,3031.67,3025.58,3034.63,3021.62,,
2019-12-25,3030.84,3032.41,3036.81,3024.89,,
2019-12-24,3030.59,3035.86,3039.92,3025.92,,
2019-12-23,3033.81,3009.89,3033.81,3009.07,,
2019-12-20,3015.93,3015.64,3021.05,3004.21,,
2019-12-19,3008.39,3012.29,3027.88,2998.05,,
2019-12-18,3023.92,3011.37,3023.92,3004.27,,
2019-12-17,3013.29,3012.49,3019.95,3005.61,,
2019-12-16,3006.16,3001.42,3012.21,2994.44,,
2019-12-13,2996.63,2990.92,3000.1,2984.92,,
2019-12-12,2982.86,2966.24,2996.82,2965.1,,
2019-12-11,2954.4,2932.43,2959.12,2932.43,,
2019-12-10,2932.4,2943.03,2948.94,2920.93,,
2019-12-09,2945.03,2932.08,2947.68,2926.1,,
2019-12-06,2928.76,2900.78,2928.76,2897.56,,
2019-12-05,2899.29,2903.5,2909.59,2882.8,,
2019-12-04,2900.66,2887.39,2909.11,2875.5,,
2019-12-03,2883.48,2917.46,2922.81,2882.65,,
2019-12-02,2921.18,2937.69,2958.84,2920.33,,
2019-11-29,2935.37,2925.76,2936.24,2911.56,,
2019-11-28,2927.57,2926.3,2931.48,2911.8,,
2019-11-27,2929.05,2932.25,2945.6,2922.48,,
2019-11-26,2930.62,2954.84,2963.92,2922.89,,
2019-11-25,2955.32,2953.11,2959.76,2945.33,,
2019-11-22,2947.68,2939.36,2968.47,2935.21,,
2019-11-21,2942.6,2940.78,2947.57,2930.68,,
2019-11-20,2936.47,2935.64,2948.89,2914.95,,
2019-11-19,2941.69,2928.1,2942.49,2923.1,,
2019-11-18,2924.48,2947.39,2956.59,2914.25,,
2019-11-15,2934.82,2925.31,2938.15,2914.05,,
2019-11-14,2922.45,2938.6,2948.98,2902.91,,
2019-11-13,2933.89,2942.4,2942.4,2924.23,,
2019-11-12,2951.16,2963.7,2983.48,2944.0,,
2019-11-11,2961.46,2965.84,2972.39,2953.23,,
2019-11-08,2973.19,2997.85,2997.85,2958.55,,
2019-11-07,3008.54,2977.67,3009.11,2966.2,,
2019-11-06,2980.84,2949.7,2980.84,2935.15,,
2019-11-05,2949.55,2950.78,2965.48,2936.48,,
2019-11-01,2930.4,2895.47,2930.4,2886.59,,
2019-10-31,2893.98,2917.22,2936.26,2884.3,,
2019-10-30,2911.15,2882.07,2913.48,2874.17,,
2019-10-29,2886.48,2858.42,2886.48,2845.28,,
2019-10-28,2856.91,2879.37,2899.65,2850.32,,
2019-10-25,2873.41,2876.1,2879.42,2848.4,,
2019-10-24,2877.05,2822.37,2877.05,2822.1,,
2019-10-23,2821.58,2797.44,2821.89,2789.75,,
2019-10-22,2802.23,2766.21,2802.23,2762.49,,
2019-10-21,2761.15,2759.79,2767.76,2751.95,,
2019-10-18,2752.91,2747.8,2758.73,2742.24,,
2019-10-17,2748.64,2744.43,2754.7,2738.92,,
2019-10-16,2744.35,2714.81,2745.0,2714.81,,
2019-10-15,2715.26,2696.6,2715.26,2691.29,,
2019-10-14,2697.46,2710.56,2716.15,2692.59,,
2019-10-11,2708.07,2723.36,2733.78,2703.85,,
2019-10-10,2721.51,2709.39,2725.49,2695.82,,
2019-10-09,2713.02,2704.71,2724.83,2702.56,,
2019-10-08,2707.89,2720.17,2724.62,2700.46,,
2019-10-07,2719.22,2695.54,2721.16,2686.15,,
2019-10-04,2692.55,2707.9,2717.7,2687.0,,
2019-10-03,2707.47,2719.65,2722.74,2696.58,,
2019-10-02,2719.39,2756.86,2758.5,2716.73,,
2019-10-01,2758.83,2749.83,2781.33,2748.51,,
2019-09-30,2747.18,2759.94,2764.31,2744.47,,
2019-09-27,2757.98,2772.58,2777.19,2757.98,,
2019-09-26,2772.7,2755.6,2779.78,2754.84,,
2019-09-25,2760.29,2749.13,2760.29,2739.11,,
2019-09-24,2754.53,2785.57,2789.61,2749.86,,
2019-09-23,2785.46,2793.03,2793.03,2769.6,,
2019-09-20,2796.41,2794.82,2796.41,2777.83,,
2019-09-19,2794.77,2815.49,2816.57,2794.17,,
2019-09-18,2818.6,2818.93,2824.25,2809.67,,
2019-09-17,2820.86,2832.42,2847.01,2807.33,,
2019-09-16,2834.32,2810.78,2834.32,2803.89,,
2019-09-13,2791.74,2795.85,2801.28,2777.23,,
2019-09-12,2799.99,2816.06,2816.06,2789.14,,
2019-09-11,2817.05,2788.19,2819.75,2782.95,,
2019-09-10,2787.52,2784.8,2791.02,2767.29,,
2019-09-09,2786.63,2802.49,2810.91,2777.63,,
2019-09-06,2797.55,2805.95,2805.95,2780.76,,
2019-09-05,2807.06,2800.97,2815.84,2796.19,,
2019-09-04,2793.36,2787.37,2799.84,2784.96,,
2019-09-03,2774.2,2770.86,2781.06,2757.85,,
2019-09-02,2773.01,2742.3,2774.77,2735.11,,
2019-08-30,2740.04,2716.69,2740.04,2715.3,,
2019-08-29,2714.25,2679.8,2714.37,2679.11,,
2019-08-28,2677.31,2658.17,2677.99,2649.54,,
2019-08-27,2659.35,2660.76,2663.14,2636.99,,
2019-08-26,2658.24,2651.09,2672.19,2640.05,,
2019-08-23,2660.74,2679.23,2682.95,2656.97,,
2019-08-22,2675.13,2673.77,2680.65,2662.31,,
2019-08-21,2673.95,2677.55,2679.46,2665.1,,
2019-08-20,2672.84,2651.1,2675.26,2647.4,,
2019-08-19,2648.09,2627.47,2653.31,2619.39,,
2019-08-16,2615.2,2636.29,2640.92,2615.2,,
2019-08-15,2625.58,2643.53,2651.23,2620.2,,
2019-08-14,2637.04,2684.63,2687.93,2630.82,,
2019-08-13,2680.12,2688.92,2697.53,2665.35,,
2019-08-12,2689.93,2687.12,2698.39,2682.05,,
2019-08-09,2679.71,2696.65,2700.95,2678.07,,
2019-08-08,2696.69,2693.17,2707.62,2693.17,,
2019-08-07,2674.98,2683.11,2696.53,2666.41,,
2019-08-06,2683.35,2654.34,2686.86,2654.11,,
2019-08-05,2649.16,2666.85,2676.61,2645.12,,
2019-08-02,2674.9,2707.65,2716.6,2673.97,,
2019-08-01,2729.42,2727.68,2737.91,2722.48,,
2019-07-31,2739.5,2737.8,2750.06,2723.54,,
2019-07-30,2734.68,2730.38,2735.21,2714.01,,
2019-07-29,2728.27,2715.74,2732.86,2714.44,,
2019-07-26,2715.68,2697.21,2733.32,2694.84,,
2019-07-25,2701.02,2679.38,2723.44,2665.21,,
2019-07-24,2682.91,2706.73,2708.5,2677.35,,
2019-07-23,2701.06,2686.98,2709.24,2683.39,,
2019-07-22,2684.25,2699.31,2705.07,2684.25,,
2019-07-19,2700.57,2710.44,2726.89,2700.54,,
2019-07-18,2702.59,2705.63,2714.55,2694.74,,
2019-07-17,2713.17,2715.67,2726.22,2704.28,,
2019-07-16,2755.88,2754.05,2757.35,2736.44,,
2019-07-15,2756.44,2783.45,2785.8,2755.43,,
2019-07-12,2777.58,2787.09,2788.7,2760.46,,
2019-07-11,2789.66,2825.2,2828.72,2779.41,,
2019-07-10,2822.75,2824.79,2833.18,2808.76,,
2019-07-09,2822.66,2821.89,2835.18,2816.79,,
2019-07-08,2822.55,2823.14,2823.67,2806.97,,
2019-07-05,2835.35,2842.97,2848.4,2827.96,,
2019-07-04,2842.78,2823.33,2842.78,2813.66,,
2019-07-03,2823.95,2810.1,2827.76,2799.6,,
2019-07-02,2809.81,2802.82,2810.02,2795.36,,
2019-07-01,2801.47,2777.08,2813.44,2777.08,,
2019-06-28,2765.85,2777.94,2786.66,2761.46,,
2019-06-27,2779.66,2774.75,2790.59,2765.61,,
2019-06-26,2775.14,2754.91,2778.25,2751.51,,
2019-06-25,2753.96,2761.39,2763.88,2738.34,,
2019-06-24,2762.65,2762.17,2772.37,2758.18,,
2019-06-21,2761.23,2777.54,2779.32,2750.54,,
2019-06-20,2780.2,2758.53,2788.19,2758.53,,
2019-06-19,2759.12,2763.07,2775.83,2751.58,,
2019-06-18,2761.69,2732.47,2761.69,2723.99,,
2019-06-17,2734.31,2737.97,2757.89,2728.61,,
2019-06-14,2739.28,2757.58,2772.06,2738.62,,
2019-06-13,2758.36,2750.42,2759.16,2734.4,,
2019-06-11,2751.75,2718.13,2759.57,2717.75,,
2019-06-10,2742.59,2734.16,2746.8,2725.65,,
2019-06-07,2729.61,2734.94,2743.11,2725.43,,
2019-06-06,2728.25,2701.55,2731.73,2700.3,,
2019-06-05,2701.84,2706.66,2713.82,2690.43,,
2019-06-04,2706.29,2726.06,2731.1,2690.13,,
2019-06-03,2729.93,2660.64,2743.81,2649.78,,
2019-05-31,2665.33,2655.76,2665.42,2639.19,,
2019-05-30,2659.52,2645.0,2665.28,2642.27,,
2019-05-29,2641.15,2607.11,2642.23,2600.79,,
2019-05-28,2609.78,2634.13,2640.81,2596.3,,
2019-05-27,2632.95,2620.0,2632.95,2617.63,,
2019-05-24,2619.24,2621.94,2642.4,2616.56,,
2019-05-23,2618.61,2634.19,2634.19,2615.7,,
2019-05-22,2638.71,2619.66,2645.7,2610.46,,
2019-05-21,2616.53,2575.15,2619.77,2572.36,,
2019-05-20,2571.65,2582.01,2588.39,2567.11,,
2019-05-17,2577.48,2576.45,2587.26,2569.1,,
2019-05-16,2581.11,2552.69,2590.46,2552.34,,
2019-05-15,2554.49,2569.33,2576.56,2549.17,,
2019-05-14,2562.33,2508.93,2566.92,2508.93,,
2019-05-13,2508.87,2512.23,2531.54,2506.47,,
2019-05-10,2514.87,2538.16,2540.33,2511.16,,
2019-05-08,2544.43,2563.66,2564.38,2544.43,,
2019-05-07,2565.1,2579.59,2583.18,2556.98,,
2019-05-06,2579.75,2569.28,2579.75,2552.34,,
2019-05-03,2580.95,2574.11,2587.09,2572.84,,
2019-05-02,2575.22,2558.81,2580.92,2557.69,,
2019-04-30,2559.32,2570.19,2570.33,2552.86,,
2019-04-29,2569.83,2564.09,2577.46,2556.71,,
2019-04-26,2563.72,2560.7,2563.72,2547.87,,
2019-04-25,2560.94,2578.52,2586.93,2558.75,,
2019-04-24,2579.05,2587.07,2587.24,2567.38,,
2019-04-23,2587.48,2586.06,2599.58,2576.82,,
2019-04-22,2584.74,2567.24,2585.76,2567.24,,
2019-04-19,2563.9,2561.11,2566.88,2560.73,,
2019-04-18,2560.8,2567.34,2567.34,2547.37,,
2019-04-17,2568.26,2563.47,2574.81,2560.04,,
2019-04-16,2559.84,2547.17,2567.06,2540.35,,
2019-04-15,2545.12,2564.48,2569.92,2539.74,,
2019-04-12,2559.72,2550.87,2569.84,2547.0,,
2019-04-11,2551.45,2578.37,2587.09,2551.45,,
2019-04-10,2578.58,2571.7,2591.69,2565.33,,
2019-04-09,2570.28,2563.85,2574.07,2556.37,,
2019-04-08,2560.07,2542.61,2560.07,2542.61,,
2019-04-05,2540.99,2535.5,2548.52,2534.78,,
2019-04-04,2535.5,2530.56,2538.36,2523.69,,
2019-04-03,2532.32,2530.9,2549.56,2530.9,,
2019-04-02,2527.77,2523.03,2532.34,2514.55,,
2019-04-01,2521.25,2498.73,2527.06,2498.73,,
2019-03-29,2497.1,2493.77,2509.65,2486.72,,
2019-03-28,2492.4,2487.7,2497.65,2482.82,,
2019-03-27,2487.48,2510.69,2514.48,2487.48,,
2019-03-26,2512.63,2498.6,2520.02,2492.36,,
2019-03-25,2497.59,2487.89,2499.41,2473.76,,
2019-03-22,2492.7,2507.96,2509.96,2486.01,,
2019-03-21,2507.81,2505.06,2514.72,2497.99,,
2019-03-20,2504.23,2493.37,2504.23,2484.27,,
2019-03-19,2493.28,2485.05,2497.18,2484.48,,
2019-03-18,2483.7,2477.03,2488.5,2467.45,,
2019-03-15,2476.73,2459.78,2476.73,2457.36,,
2019-03-14,2457.79,2469.38,2475.85,2454.74,,
2019-03-13,2470.61,2468.26,2470.61,2452.09,,
2019-03-12,2468.25,2469.6,2479.4,2461.26,,
2019-03-11,2465.94,2474.45,2474.54,2459.78,,
2019-03-07,2476.64,2491.83,2492.61,2473.31,,
2019-03-06,2494.04,2467.7,2497.08,2467.7,,
2019-03-05,2466.23,2472.19,2473.76,2458.07,,
2019-03-04,2473.79,2478.91,2483.27,2469.5,,
2019-03-01,2478.01,2487.44,2494.89,2476.35,,
2019-02-28,2485.27,2489.09,2490.57,2468.06,,
2019-02-27,2490.65,2495.52,2502.59,2479.44,,
2019-02-26,2494.02,2488.43,2494.02,2470.35,,
2019-02-25,2494.63,2491.54,2506.94,2481.73,,
2019-02-22,2488.63,2470.75,2490.67,2468.14,,
2019-02-21,2470.23,2488.44,2494.05,2462.92,,
2019-02-20,2487.82,2462.15,2487.82,2462.15,,
2019-02-19,2458.55,2471.17,2480.29,2450.17,,
2019-02-18,2472.41,2489.79,2494.43,2456.01,,
2019-02-15,2490.16,2465.02,2490.16,2465.02,,
2019-02-14,2460.82,2468.31,2475.5,2448.41,,
2019-02-13,2485.76,2534.57,2535.96,2483.81,,
2019-02-12,2533.32,2510.91,2535.66,2510.91,,
2019-02-11,2510.22,2503.88,2521.82,2503.76,,
2019-02-08,2502.82,2508.85,2511.21,2495.0,,
2019-02-07,2509.89,2537.41,2540.45,2506.6,,
2019-02-06,2539.73,2547.53,2551.97,2533.92,,
2019-02-05,2547.27,2524.35,2549.62,2523.78,,
2019-02-04,2523.52,2523.04,2537.47,2519.79,,
2019-02-01,2521.7,2520.08,2531.51,2512.76,,
2019-01-31,2521.1,2517.89,2536.28,2515.86,,
2019-01-30,2511.86,2497.09,2513.77,2492.52,,
2019-01-29,2498.35,2475.68,2501.69,2464.25,,
2019-01-28,2476.81,2499.19,2502.73,2467.5,,
2019-01-25,2498.23,2485.71,2498.23,2482.99,,
2019-01-24,2482.71,2490.05,2494.09,2470.3,,
2019-01-23,2491.49,2467.91,2493.06,2466.59,,
2019-01-22,2468.73,2466.35,2469.87,2454.19,,
2019-01-21,2468.25,2473.67,2481.88,2468.18,,
2019-01-18,2473.61,2454.19,2473.61,2451.65,,
2019-01-17,2447.64,2436.48,2447.64,2425.51,,
2019-01-16,2434.6,2440.34,2446.13,2426.8,,
2019-01-15,2439.55,2442.26,2457.35,2423.86,,
2019-01-14,2440.15,2438.35,2440.15,2418.65,,
2019-01-11,2444.45,2435.71,2448.17,2430.45,,
2019-01-10,2434.15,2413.27,2434.15,2398.16,,
2019-01-09,2414.13,2393.55,2414.13,2393.55,,
2019-01-08,2389.69,2400.96,2403.66,2375.01,,
2019-01-04,2406.5,2377.71,2406.5,2377.71,,
2019-01-03,2375.6,2370.56,2387.21,2350.41,,
