country_id,year,err_float,is_switch_year,provisional,note
ARE,2019,0,0,0,
ARE,2020,0,0,0,
ARE,2021,0,0,0,
ARE,2022,0,0,0,
ARE,2023,0,0,0,
ARE,2024,0,0,1,
ARE,2025,0,0,1,
ARG,2019,1,0,0,
ARG,2020,0,1,0,Floating -> Stabilized 2020 (cepo capital controls; AREAER)
ARG,2021,0,0,0,
ARG,2022,0,0,0,
ARG,2023,0,0,0,
ARG,2024,0,0,1,
ARG,2025,0,0,1,
AUS,2019,1,0,0,
AUS,2020,1,0,0,
AUS,2021,1,0,0,
AUS,2022,1,0,0,
AUS,2023,1,0,0,
AUS,2024,1,0,1,
AUS,2025,1,0,1,
AUT,2019,1,0,0,
AUT,2020,1,0,0,
AUT,2021,1,0,0,
AUT,2022,1,0,0,
AUT,2023,1,0,0,
AUT,2024,1,0,1,
AUT,2025,1,0,1,
BEL,2019,1,0,0,
BEL,2020,1,0,0,
BEL,2021,1,0,0,
BEL,2022,1,0,0,
BEL,2023,1,0,0,
BEL,2024,1,0,1,
BEL,2025,1,0,1,
BGD,2019,0,0,0,
BGD,2020,0,0,0,
BGD,2021,0,0,0,
BGD,2022,0,0,0,
BGD,2023,0,0,0,
BGD,2024,0,0,1,
BGD,2025,0,0,1,
BGR,2019,0,0,0,
BGR,2020,0,0,0,
BGR,2021,0,0,0,
BGR,2022,0,0,0,
BGR,2023,0,0,0,
BGR,2024,0,0,1,
BGR,2025,0,0,1,
BHR,2019,0,0,0,
BHR,2020,0,0,0,
BHR,2021,0,0,0,
BHR,2022,0,0,0,
BHR,2023,0,0,0,
BHR,2024,0,0,1,
BHR,2025,0,0,1,
BIH,2019,0,0,0,
BIH,2020,0,0,0,
BIH,2021,0,0,0,
BIH,2022,0,0,0,
BIH,2023,0,0,0,
BIH,2024,0,0,1,
BIH,2025,0,0,1,
BRA,2019,1,0,0,
BRA,2020,1,0,0,
BRA,2021,1,0,0,
BRA,2022,1,0,0,
BRA,2023,1,0,0,
BRA,2024,1,0,1,
BRA,2025,1,0,1,
BWA,2019,0,0,0,
BWA,2020,0,0,0,
BWA,2021,0,0,0,
BWA,2022,0,0,0,
BWA,2023,0,0,0,
BWA,2024,0,0,1,
BWA,2025,0,0,1,
CAN,2019,1,0,0,
CAN,2020,1,0,0,
CAN,2021,1,0,0,
CAN,2022,1,0,0,
CAN,2023,1,0,0,
CAN,2024,1,0,1,
CAN,2025,1,0,1,
CHE,2019,1,0,0,
CHE,2020,1,0,0,
CHE,2021,0,1,0,Floating -> Other Managed 2021-22 (SNB FX intervention) -> Floating 2023 (AREAER)
CHE,2022,0,0,0,
CHE,2023,1,1,0,Floating -> Other Managed 2021-22 (SNB FX intervention) -> Floating 2023 (AREAER)
CHE,2024,1,0,1,
CHE,2025,1,0,1,
CHL,2019,1,0,0,
CHL,2020,1,0,0,
CHL,2021,1,0,0,
CHL,2022,1,0,0,
CHL,2023,1,0,0,
CHL,2024,1,0,1,
CHL,2025,1,0,1,
CHN,2019,0,0,0,
CHN,2020,0,0,0,
CHN,2021,0,0,0,
CHN,2022,0,0,0,
CHN,2023,0,0,0,
CHN,2024,0,0,1,
CHN,2025,0,0,1,
COL,2019,1,0,0,
COL,2020,1,0,0,
COL,2021,1,0,0,
COL,2022,1,0,0,
COL,2023,1,0,0,
COL,2024,1,0,1,
COL,2025,1,0,1,
CYP,2019,1,0,0,
CYP,2020,1,0,0,
CYP,2021,1,0,0,
CYP,2022,1,0,0,
CYP,2023,1,0,0,
CYP,2024,1,0,1,
CYP,2025,1,0,1,
CZE,2019,1,0,0,
CZE,2020,1,0,0,
CZE,2021,1,0,0,
CZE,2022,1,0,0,
CZE,2023,1,0,0,
CZE,2024,1,0,1,
CZE,2025,1,0,1,
DEU,2019,1,0,0,
DEU,2020,1,0,0,
DEU,2021,1,0,0,
DEU,2022,1,0,0,
DEU,2023,1,0,0,
DEU,2024,1,0,1,
DEU,2025,1,0,1,
DNK,2019,0,0,0,
DNK,2020,0,0,0,
DNK,2021,0,0,0,
DNK,2022,0,0,0,
DNK,2023,0,0,0,
DNK,2024,0,0,1,
DNK,2025,0,0,1,
DZA,2019,0,0,0,
DZA,2020,0,0,0,
DZA,2021,0,0,0,
DZA,2022,0,0,0,
DZA,2023,0,0,0,
DZA,2024,0,0,1,
DZA,2025,0,0,1,
ECU,2019,0,0,0,
ECU,2020,0,0,0,
ECU,2021,0,0,0,
ECU,2022,0,0,0,
ECU,2023,0,0,0,
ECU,2024,0,0,1,
ECU,2025,0,0,1,
EGY,2019,0,0,0,
EGY,2020,0,0,0,
EGY,2021,0,0,0,
EGY,2022,0,0,0,
EGY,2023,0,0,0,
EGY,2024,1,1,1,-> float Mar-2024 (reform; H6)
EGY,2025,1,0,1,
ESP,2019,1,0,0,
ESP,2020,1,0,0,
ESP,2021,1,0,0,
ESP,2022,1,0,0,
ESP,2023,1,0,0,
ESP,2024,1,0,1,
ESP,2025,1,0,1,
EST,2019,1,0,0,
EST,2020,1,0,0,
EST,2021,1,0,0,
EST,2022,1,0,0,
EST,2023,1,0,0,
EST,2024,1,0,1,
EST,2025,1,0,1,
FIN,2019,1,0,0,
FIN,2020,1,0,0,
FIN,2021,1,0,0,
FIN,2022,1,0,0,
FIN,2023,1,0,0,
FIN,2024,1,0,1,
FIN,2025,1,0,1,
FRA,2019,1,0,0,
FRA,2020,1,0,0,
FRA,2021,1,0,0,
FRA,2022,1,0,0,
FRA,2023,1,0,0,
FRA,2024,1,0,1,
FRA,2025,1,0,1,
GBR,2019,1,0,0,
GBR,2020,1,0,0,
GBR,2021,1,0,0,
GBR,2022,1,0,0,
GBR,2023,1,0,0,
GBR,2024,1,0,1,
GBR,2025,1,0,1,
GHA,2019,1,0,0,
GHA,2020,0,1,0,-> managed Apr-2020 (COVID/BoP)
GHA,2021,0,0,0,
GHA,2022,0,0,0,
GHA,2023,0,0,0,
GHA,2024,0,0,1,
GHA,2025,0,0,1,
GRC,2019,1,0,0,
GRC,2020,1,0,0,
GRC,2021,1,0,0,
GRC,2022,1,0,0,
GRC,2023,1,0,0,
GRC,2024,1,0,1,
GRC,2025,1,0,1,
HKG,2019,0,0,0,
HKG,2020,0,0,0,
HKG,2021,0,0,0,
HKG,2022,0,0,0,
HKG,2023,0,0,0,
HKG,2024,0,0,1,
HKG,2025,0,0,1,
HRV,2019,0,0,0,
HRV,2020,0,0,0,
HRV,2021,0,0,0,
HRV,2022,0,0,0,
HRV,2023,1,1,0,-> Free Floating 2023 (euro adoption 1 Jan 2023; AREAER)
HRV,2024,1,0,1,
HRV,2025,1,0,1,
HUN,2019,1,0,0,
HUN,2020,1,0,0,
HUN,2021,1,0,0,
HUN,2022,1,0,0,
HUN,2023,1,0,0,
HUN,2024,1,0,1,
HUN,2025,1,0,1,
IDN,2019,1,0,0,
IDN,2020,1,0,0,
IDN,2021,1,0,0,
IDN,2022,1,0,0,
IDN,2023,1,0,0,
IDN,2024,1,0,1,
IDN,2025,1,0,1,
IND,2019,1,0,0,
IND,2020,1,0,0,
IND,2021,1,0,0,
IND,2022,1,0,0,
IND,2023,1,0,0,
IND,2024,1,0,1,
IND,2025,1,0,1,
IRL,2019,1,0,0,
IRL,2020,1,0,0,
IRL,2021,1,0,0,
IRL,2022,1,0,0,
IRL,2023,1,0,0,
IRL,2024,1,0,1,
IRL,2025,1,0,1,
ISL,2019,1,0,0,
ISL,2020,1,0,0,
ISL,2021,1,0,0,
ISL,2022,1,0,0,
ISL,2023,1,0,0,
ISL,2024,1,0,1,
ISL,2025,1,0,1,
ITA,2019,1,0,0,
ITA,2020,1,0,0,
ITA,2021,1,0,0,
ITA,2022,1,0,0,
ITA,2023,1,0,0,
ITA,2024,1,0,1,
ITA,2025,1,0,1,
JAM,2019,1,0,0,
JAM,2020,1,0,0,
JAM,2021,1,0,0,
JAM,2022,0,1,0,"Floating -> Crawl-like 2022 (AREAER 2023 vintage; tail carry-forward, provisional)"
JAM,2023,0,0,0,
JAM,2024,0,0,1,
JAM,2025,0,0,1,
JOR,2019,0,0,0,
JOR,2020,0,0,0,
JOR,2021,0,0,0,
JOR,2022,0,0,0,
JOR,2023,0,0,0,
JOR,2024,0,0,1,
JOR,2025,0,0,1,
JPN,2019,1,0,0,
JPN,2020,1,0,0,
JPN,2021,1,0,0,
JPN,2022,1,0,0,
JPN,2023,1,0,0,
JPN,2024,1,0,1,
JPN,2025,1,0,1,
KAZ,2019,1,0,0,
KAZ,2020,1,0,0,
KAZ,2021,1,0,0,
KAZ,2022,1,0,0,
KAZ,2023,1,0,0,
KAZ,2024,1,0,1,
KAZ,2025,1,0,1,
KEN,2019,0,0,0,
KEN,2020,0,0,0,brief float late-2020 not coded (kept 0)
KEN,2021,0,0,0,
KEN,2022,0,0,0,
KEN,2023,0,0,0,
KEN,2024,0,0,1,
KEN,2025,0,0,1,
KGZ,2019,0,0,0,
KGZ,2020,0,0,0,
KGZ,2021,0,0,0,
KGZ,2022,0,0,0,
KGZ,2023,0,0,0,
KGZ,2024,0,0,1,
KGZ,2025,0,0,1,
KHM,2019,0,0,0,
KHM,2020,0,0,0,
KHM,2021,0,0,0,
KHM,2022,0,0,0,
KHM,2023,0,0,0,
KHM,2024,0,0,1,
KHM,2025,0,0,1,
KOR,2019,1,0,0,
KOR,2020,1,0,0,
KOR,2021,1,0,0,
KOR,2022,1,0,0,
KOR,2023,1,0,0,
KOR,2024,1,0,1,
KOR,2025,1,0,1,
KWT,2019,0,0,0,
KWT,2020,0,0,0,
KWT,2021,0,0,0,
KWT,2022,0,0,0,
KWT,2023,0,0,0,
KWT,2024,0,0,1,
KWT,2025,0,0,1,
LAO,2019,0,0,0,
LAO,2020,0,0,0,
LAO,2021,0,0,0,
LAO,2022,0,0,0,
LAO,2023,0,0,0,
LAO,2024,0,0,1,
LAO,2025,0,0,1,
LBN,2019,0,0,0,
LBN,2020,0,0,0,
LBN,2021,0,0,0,
LBN,2022,0,0,0,
LBN,2023,0,0,0,
LBN,2024,0,0,1,
LBN,2025,0,0,1,
LTU,2019,1,0,0,
LTU,2020,1,0,0,
LTU,2021,1,0,0,
LTU,2022,1,0,0,
LTU,2023,1,0,0,
LTU,2024,1,0,1,
LTU,2025,1,0,1,
LVA,2019,1,0,0,
LVA,2020,1,0,0,
LVA,2021,1,0,0,
LVA,2022,1,0,0,
LVA,2023,1,0,0,
LVA,2024,1,0,1,
LVA,2025,1,0,1,
MAR,2019,0,0,0,
MAR,2020,0,0,0,
MAR,2021,0,0,0,
MAR,2022,0,0,0,
MAR,2023,0,0,0,
MAR,2024,0,0,1,
MAR,2025,0,0,1,
MDV,2019,0,0,0,
MDV,2020,0,0,0,
MDV,2021,0,0,0,
MDV,2022,0,0,0,
MDV,2023,0,0,0,
MDV,2024,0,0,1,
MDV,2025,0,0,1,
MEX,2019,1,0,0,
MEX,2020,1,0,0,
MEX,2021,1,0,0,
MEX,2022,1,0,0,
MEX,2023,1,0,0,
MEX,2024,1,0,1,
MEX,2025,1,0,1,
MLT,2019,1,0,0,
MLT,2020,1,0,0,
MLT,2021,1,0,0,
MLT,2022,1,0,0,
MLT,2023,1,0,0,
MLT,2024,1,0,1,
MLT,2025,1,0,1,
MNG,2019,0,0,0,
MNG,2020,0,0,0,
MNG,2021,0,0,0,
MNG,2022,0,0,0,
MNG,2023,0,0,0,
MNG,2024,0,0,1,
MNG,2025,0,0,1,
MUS,2019,1,0,0,
MUS,2020,0,1,0,Crawl-like 2020 (COVID); Floating before/after (AREAER lag-corrected)
MUS,2021,1,1,0,Crawl-like 2020 (COVID); Floating before/after (AREAER lag-corrected)
MUS,2022,1,0,0,
MUS,2023,1,0,0,
MUS,2024,1,0,1,
MUS,2025,1,0,1,
MWI,2019,0,0,0,
MWI,2020,0,0,0,
MWI,2021,0,0,0,
MWI,2022,0,0,0,
MWI,2023,0,0,0,
MWI,2024,0,0,1,
MWI,2025,0,0,1,
MYS,2019,1,0,0,
MYS,2020,1,0,0,
MYS,2021,1,0,0,
MYS,2022,1,0,0,
MYS,2023,1,0,0,
MYS,2024,1,0,1,
MYS,2025,1,0,1,
NAM,2019,0,0,0,
NAM,2020,0,0,0,
NAM,2021,0,0,0,
NAM,2022,0,0,0,
NAM,2023,0,0,0,
NAM,2024,0,0,1,
NAM,2025,0,0,1,
NGA,2019,0,0,0,
NGA,2020,0,0,0,
NGA,2021,0,0,0,
NGA,2022,0,0,0,
NGA,2023,1,1,0,-> float Jun-2023 (reform)
NGA,2024,1,0,1,
NGA,2025,1,0,1,
NLD,2019,1,0,0,
NLD,2020,1,0,0,
NLD,2021,1,0,0,
NLD,2022,1,0,0,
NLD,2023,1,0,0,
NLD,2024,1,0,1,
NLD,2025,1,0,1,
NOR,2019,1,0,0,
NOR,2020,1,0,0,
NOR,2021,1,0,0,
NOR,2022,1,0,0,
NOR,2023,1,0,0,
NOR,2024,1,0,1,
NOR,2025,1,0,1,
NZL,2019,1,0,0,
NZL,2020,1,0,0,
NZL,2021,1,0,0,
NZL,2022,1,0,0,
NZL,2023,1,0,0,
NZL,2024,1,0,1,
NZL,2025,1,0,1,
OMN,2019,0,0,0,
OMN,2020,0,0,0,
OMN,2021,0,0,0,
OMN,2022,0,0,0,
OMN,2023,0,0,0,
OMN,2024,0,0,1,
OMN,2025,0,0,1,
PAK,2019,0,0,0,
PAK,2020,1,1,0,float Mar-2020 -> Other Managed 6 May 2021
PAK,2021,0,1,0,float Mar-2020 -> Other Managed 6 May 2021
PAK,2022,0,0,0,
PAK,2023,0,0,0,
PAK,2024,0,0,1,
PAK,2025,0,0,1,
PAN,2019,0,0,0,
PAN,2020,0,0,0,
PAN,2021,0,0,0,
PAN,2022,0,0,0,
PAN,2023,0,0,0,
PAN,2024,0,0,1,
PAN,2025,0,0,1,
PER,2019,1,0,0,
PER,2020,0,1,0,managed Apr-2020 -> float Mar-2021 (COVID)
PER,2021,1,1,0,managed Apr-2020 -> float Mar-2021 (COVID)
PER,2022,1,0,0,
PER,2023,1,0,0,
PER,2024,1,0,1,
PER,2025,1,0,1,
PHL,2019,1,0,0,
PHL,2020,0,1,0,managed Mar-2020 -> float Jun-2021 (COVID)
PHL,2021,1,1,0,managed Mar-2020 -> float Jun-2021 (COVID)
PHL,2022,1,0,0,
PHL,2023,1,0,0,
PHL,2024,1,0,1,
PHL,2025,1,0,1,
POL,2019,1,0,0,
POL,2020,1,0,0,
POL,2021,1,0,0,
POL,2022,1,0,0,
POL,2023,1,0,0,
POL,2024,1,0,1,
POL,2025,1,0,1,
PRT,2019,1,0,0,
PRT,2020,1,0,0,
PRT,2021,1,0,0,
PRT,2022,1,0,0,
PRT,2023,1,0,0,
PRT,2024,1,0,1,
PRT,2025,1,0,1,
QAT,2019,0,0,0,
QAT,2020,0,0,0,
QAT,2021,0,0,0,
QAT,2022,0,0,0,
QAT,2023,0,0,0,
QAT,2024,0,0,1,
QAT,2025,0,0,1,
ROU,2019,0,0,0,
ROU,2020,0,0,0,
ROU,2021,0,0,0,
ROU,2022,0,0,0,
ROU,2023,0,0,0,
ROU,2024,0,0,1,
ROU,2025,0,0,1,
RUS,2019,1,0,0,
RUS,2020,1,0,0,
RUS,2021,1,0,0,
RUS,2022,1,0,0,
RUS,2023,1,0,0,
RUS,2024,1,0,1,
RUS,2025,1,0,1,
SAU,2019,0,0,0,
SAU,2020,0,0,0,
SAU,2021,0,0,0,
SAU,2022,0,0,0,
SAU,2023,0,0,0,
SAU,2024,0,0,1,
SAU,2025,0,0,1,
SGP,2019,0,0,0,
SGP,2020,0,0,0,
SGP,2021,0,0,0,
SGP,2022,0,0,0,
SGP,2023,0,0,0,
SGP,2024,0,0,1,
SGP,2025,0,0,1,
SVK,2019,1,0,0,
SVK,2020,1,0,0,
SVK,2021,1,0,0,
SVK,2022,1,0,0,
SVK,2023,1,0,0,
SVK,2024,1,0,1,
SVK,2025,1,0,1,
SVN,2019,1,0,0,
SVN,2020,1,0,0,
SVN,2021,1,0,0,
SVN,2022,1,0,0,
SVN,2023,1,0,0,
SVN,2024,1,0,1,
SVN,2025,1,0,1,
SWE,2019,1,0,0,
SWE,2020,1,0,0,
SWE,2021,1,0,0,
SWE,2022,1,0,0,
SWE,2023,1,0,0,
SWE,2024,1,0,1,
SWE,2025,1,0,1,
THA,2019,1,0,0,
THA,2020,1,0,0,
THA,2021,1,0,0,
THA,2022,1,0,0,
THA,2023,1,0,0,
THA,2024,1,0,1,
THA,2025,1,0,1,
TUN,2019,0,0,0,
TUN,2020,0,0,0,
TUN,2021,0,0,0,
TUN,2022,0,0,0,
TUN,2023,0,0,0,
TUN,2024,0,0,1,
TUN,2025,0,0,1,
TUR,2019,1,0,0,
TUR,2020,1,0,0,
TUR,2021,1,0,0,
TUR,2022,0,1,0,-> Crawl-like 28 Jul 2022 (lira crisis)
TUR,2023,0,0,0,
TUR,2024,0,0,1,
TUR,2025,0,0,1,
TZA,2019,0,0,0,
TZA,2020,0,0,0,
TZA,2021,0,0,0,
TZA,2022,0,0,0,
TZA,2023,0,0,0,
TZA,2024,0,0,1,
TZA,2025,0,0,1,
UGA,2019,1,0,0,
UGA,2020,1,0,0,
UGA,2021,1,0,0,
UGA,2022,1,0,0,
UGA,2023,1,0,0,
UGA,2024,1,0,1,
UGA,2025,1,0,1,
UKR,2019,1,0,0,
UKR,2020,1,0,0,
UKR,2021,1,0,0,
UKR,2022,1,0,0,
UKR,2023,0,1,0,Floating -> fixed/managed 2023 (wartime measures Feb-2022; AREAER 2023 vintage)
UKR,2024,0,0,1,
UKR,2025,0,0,1,
USA,2019,1,0,0,
USA,2020,1,0,0,
USA,2021,1,0,0,
USA,2022,1,0,0,
USA,2023,1,0,0,
USA,2024,1,0,1,
USA,2025,1,0,1,
VNM,2019,0,0,0,
VNM,2020,0,0,0,
VNM,2021,0,0,0,
VNM,2022,0,0,0,
VNM,2023,0,0,0,
VNM,2024,0,0,1,
VNM,2025,0,0,1,
ZAF,2019,1,0,0,
ZAF,2020,1,0,0,
ZAF,2021,1,0,0,
ZAF,2022,1,0,0,
ZAF,2023,1,0,0,
ZAF,2024,1,0,1,
ZAF,2025,1,0,1,
ZMB,2019,1,0,0,
ZMB,2020,1,0,0,
ZMB,2021,0,1,0,kwacha volatility: Floating<->Other Managed flips 2021-23 (AREAER)
ZMB,2022,1,1,0,kwacha volatility: Floating<->Other Managed flips 2021-23 (AREAER)
ZMB,2023,0,1,0,kwacha volatility: Floating<->Other Managed flips 2021-23 (AREAER)
ZMB,2024,0,0,1,
ZMB,2025,0,0,1,
